drg,providerId,providerRegionDescription,totalDischarges,averageCoveredPayments,averageTotalPayments,averageMedicarePayments
DRG207,PID10001,RIDALDothan,19,107347.52,28246.68,27831.31
DRG207,PID10006,RIDALBirmingham,12,117772.91,27573.41,26638.08
DRG207,PID10011,RIDALBirmingham,15,121698.53,35806.53,29393.46
DRG207,PID10023,RIDALMontgomery,21,117604.23,34607.95,32496.47
DRG207,PID10024,RIDALMontgomery,19,89957.00,27953.78,27180.94
DRG207,PID10029,RIDALBirmingham,15,65345.33,29752.66,28403.66
DRG207,PID10033,RIDALBirmingham,28,188031.14,42550.21,40777.57
DRG207,PID10039,RIDALHuntsville,78,145193.93,32294.03,30855.15
DRG207,PID10040,RIDALBirmingham,20,236092.75,27311.40,25758.85
DRG207,PID10046,RIDALBirmingham,12,252726.25,32591.33,27020.25
DRG207,PID10055,RIDALDothan,23,170623.39,28362.21,25261.69
DRG207,PID10056,RIDALBirmingham,19,104554.31,31129.21,30177.63
DRG207,PID10078,RIDALBirmingham,15,111192.80,28105.40,27583.46
DRG207,PID10083,RIDALMobile,11,208314.00,29352.36,27095.09
DRG207,PID10085,RIDALHuntsville,12,42915.83,27906.00,26023.66
DRG207,PID10092,RIDALTuscaloosa,52,118753.55,31068.65,30164.84
DRG207,PID10103,RIDALBirmingham,24,189003.29,34613.95,28792.91
DRG207,PID10104,RIDALBirmingham,17,233131.47,30965.58,29933.35
DRG207,PID10113,RIDALMobile,25,99771.76,29932.60,28027.16
DRG207,PID10131,RIDALHuntsville,11,243678.45,33423.45,32611.81
DRG207,PID10139,RIDALBirmingham,22,459985.27,39018.86,37229.50
DRG207,PID20001,RIDAKAnchorage,12,155008.00,46105.58,45290.25
DRG207,PID20026,RIDAKAnchorage,16,72483.18,62665.37,61961.87
DRG207,PID30002,RIDAZPhoenix,11,152407.00,38431.45,37714.00
DRG207,PID30006,RIDAZTucson,13,113388.69,34036.30,33255.07
DRG207,PID30010,RIDAZTucson,14,114822.35,32053.57,31332.71
DRG207,PID30011,RIDAZTucson,37,120973.05,30468.35,28564.51
DRG207,PID30012,RIDAZPhoenix,12,126389.41,33201.33,32729.58
DRG207,PID30013,RIDAZPhoenix,21,119922.00,36392.04,35748.23
DRG207,PID30014,RIDAZPhoenix,13,124067.07,30992.07,29889.23
DRG207,PID30023,RIDAZPhoenix,20,198625.70,62148.55,61305.95
DRG207,PID30038,RIDAZPhoenix,14,126717.50,33060.92,29281.71
DRG207,PID30061,RIDAZSunCity,18,166350.38,28465.50,27871.61
DRG207,PID30064,RIDAZTucson,17,222576.00,62268.76,60767.41
DRG207,PID30085,RIDAZTucson,15,140721.93,29768.66,28526.66
DRG207,PID30088,RIDAZMesa,11,164934.90,36492.00,31513.18
DRG207,PID30089,RIDAZPhoenix,12,134758.83,34715.83,34244.16
DRG207,PID30093,RIDAZSunCity,19,154775.63,34650.05,29998.47
DRG207,PID30101,RIDNVLasVegas,13,285720.46,37866.30,25387.00
DRG207,PID40004,RIDARSpringdale,12,95878.08,33297.91,22739.33
DRG207,PID40007,RIDARLittleRock,22,98342.13,31292.09,29061.13
DRG207,PID40016,RIDARLittleRock,18,95896.83,41460.77,39856.05
DRG207,PID40020,RIDARJonesboro,42,59393.92,31733.11,30842.28
DRG207,PID40022,RIDARSpringdale,13,111761.38,29438.00,28831.00
DRG207,PID40026,RIDARLittleRock,20,92015.45,29339.10,28315.75
DRG207,PID40027,RIDMOSpringfield,15,67501.53,27962.46,27249.86
DRG207,PID40029,RIDARLittleRock,15,112684.73,32755.20,32023.60
DRG207,PID40036,RIDARLittleRock,11,70593.63,27364.27,26195.36
DRG207,PID40055,RIDARFortSmith,14,63526.71,28240.64,27757.78
DRG207,PID40062,RIDARFortSmith,32,110241.21,30282.62,29339.46
DRG207,PID40071,RIDARLittleRock,14,146697.35,33478.78,32346.78
DRG207,PID40114,RIDARLittleRock,56,108772.57,30326.87,28281.85
DRG207,PID40118,RIDARJonesboro,15,150073.93,34517.40,33989.13
DRG207,PID40119,RIDARLittleRock,30,100185.33,30636.20,29721.83
DRG207,PID50002,RIDCAAlamedaCounty,13,355395.53,63218.00,61552.84
DRG207,PID50006,RIDCARedding,12,223054.33,41826.91,40986.00
DRG207,PID50017,RIDCASacramento,11,290215.27,53218.45,42362.72
DRG207,PID50022,RIDCASanBernardino,27,353588.59,48591.37,48208.33
DRG207,PID50025,RIDCASanDiego,19,172207.05,57509.68,56303.42
DRG207,PID50026,RIDCASanDiego,59,209969.38,39265.66,36253.01
DRG207,PID50036,RIDCABakersfield,17,223979.11,38295.05,37453.58
DRG207,PID50038,RIDCASanJose,15,284742.73,86555.46,84171.33
DRG207,PID50039,RIDCAChico,13,355680.15,60161.30,56167.30
DRG207,PID50043,RIDCAAlamedaCounty,15,308096.80,56649.20,55259.40
DRG207,PID50047,RIDCASanFrancisco,11,290526.00,63183.63,62774.90
DRG207,PID50054,RIDCASanBernardino,15,136133.80,41168.33,40274.13
DRG207,PID50056,RIDCALosAngeles,29,155889.34,46471.86,43470.13
DRG207,PID50057,RIDCABakersfield,21,146980.23,41232.52,40331.14
DRG207,PID50058,RIDCALosAngeles,24,392684.20,63129.16,62378.50
DRG207,PID50060,RIDCAFresno,32,144456.62,48307.65,46517.68
DRG207,PID50063,RIDCALosAngeles,12,163799.50,48076.41,47230.08
DRG207,PID50077,RIDCASanDiego,23,170077.17,40002.26,39058.56
DRG207,PID50079,RIDCASanFrancisco,29,298014.27,51213.31,50477.17
DRG207,PID50082,RIDCAVentura,15,272778.00,43897.93,43223.00
DRG207,PID50084,RIDCAStockton,16,281916.68,46707.87,45723.37
DRG207,PID50089,RIDCASanBernardino,12,211085.83,42788.50,41947.50
DRG207,PID50093,RIDCAFresno,40,219263.10,46078.12,40421.25
DRG207,PID50099,RIDCASanBernardino,25,130658.36,26471.64,25728.68
DRG207,PID50100,RIDCASanDiego,17,230962.88,42476.23,41632.88
DRG207,PID50102,RIDCASanBernardino,13,228625.07,51858.38,48660.76
DRG207,PID50104,RIDCALosAngeles,18,224140.66,56566.55,55908.05
DRG207,PID50112,RIDCALosAngeles,26,222114.34,47462.03,45506.34
DRG207,PID50115,RIDCASanDiego,17,239094.05,41766.52,39057.41
DRG207,PID50116,RIDCALosAngeles,16,244977.75,42912.50,40243.25
DRG207,PID50121,RIDCAFresno,14,156974.07,41305.07,40460.57
DRG207,PID50125,RIDCASanJose,18,392172.38,67837.66,57188.83
DRG207,PID50126,RIDCALosAngeles,17,144048.76,39398.88,37950.58
DRG207,PID50128,RIDCASanDiego,21,232634.57,46542.76,45749.14
DRG207,PID50129,RIDCASanBernardino,25,157228.60,32874.36,32064.44
DRG207,PID50132,RIDCALosAngeles,19,302159.42,44480.63,43307.10
DRG207,PID50145,RIDCASalinas,16,329906.18,85748.00,84700.87
DRG207,PID50149,RIDCALosAngeles,18,126907.05,51291.72,50855.05
DRG207,PID50152,RIDCASanFrancisco,18,331736.72,59556.72,58678.05
DRG207,PID50168,RIDCAOrangeCounty,16,331853.31,58667.62,54547.93
DRG207,PID50169,RIDCALosAngeles,12,239862.58,33861.66,32051.16
DRG207,PID50174,RIDCASantaRosa,14,259351.21,45243.42,44518.14
DRG207,PID50180,RIDCAContraCostaCounty,23,482621.82,87228.91,73333.65
DRG207,PID50191,RIDCALosAngeles,11,237544.27,48167.90,45029.18
DRG207,PID50195,RIDCAAlamedaCounty,11,918023.18,119113.00,113462.09
DRG207,PID50204,RIDCALosAngeles,13,209121.61,37336.84,36277.53
DRG207,PID50222,RIDCASanDiego,11,191775.00,33744.36,32296.18
DRG207,PID50224,RIDCAOrangeCounty,31,163385.41,40103.96,39065.32
DRG207,PID50226,RIDCAOrangeCounty,19,241537.05,38189.73,37059.31
DRG207,PID50230,RIDCAOrangeCounty,18,185939.66,46587.05,45525.50
DRG207,PID50231,RIDCALosAngeles,20,328055.15,44485.60,43248.45
DRG207,PID50235,RIDCALosAngeles,28,499678.35,54593.32,53832.03
DRG207,PID50238,RIDCALosAngeles,34,212475.05,42533.94,41381.79
DRG207,PID50239,RIDCALosAngeles,15,402427.86,60017.66,59283.93
DRG207,PID50261,RIDCABakersfield,31,146837.06,39464.74,38694.96
DRG207,PID50262,RIDCALosAngeles,15,197705.53,60931.86,58998.20
DRG207,PID50272,RIDCASanBernardino,16,139766.06,32679.62,31978.12
DRG207,PID50278,RIDCALosAngeles,21,342604.14,43682.42,42542.52
DRG207,PID50280,RIDCARedding,12,239757.50,45899.33,44725.50
DRG207,PID50283,RIDCAAlamedaCounty,15,329367.33,55695.60,44236.40
DRG207,PID50289,RIDCASanMateoCounty,16,517956.62,73407.87,71236.25
DRG207,PID50290,RIDCALosAngeles,25,184128.20,41560.08,33752.36
DRG207,PID50295,RIDCABakersfield,26,206064.19,35841.50,35367.46
DRG207,PID50327,RIDCASanBernardino,29,268793.41,56623.00,55667.79
DRG207,PID50329,RIDCAOrangeCounty,14,150420.00,38306.71,37990.14
DRG207,PID50334,RIDCASalinas,23,280786.47,80840.56,79481.73
DRG207,PID50342,RIDCASanDiego,15,135051.46,42514.66,41525.33
DRG207,PID50351,RIDCALosAngeles,25,372975.76,50326.12,49596.72
DRG207,PID50353,RIDCALosAngeles,14,307019.00,45230.92,44244.92
DRG207,PID50359,RIDCABakersfield,15,121909.46,42279.73,40548.33
DRG207,PID50360,RIDCASanFrancisco,14,286542.71,50357.21,48646.35
DRG207,PID50378,RIDCALosAngeles,13,98848.69,45380.15,44556.00
DRG207,PID50380,RIDCASanJose,20,352359.10,42857.35,41540.90
DRG207,PID50382,RIDCALosAngeles,31,96767.64,39694.35,38501.54
DRG207,PID50390,RIDCASanBernardino,15,122540.66,34545.00,33624.80
DRG207,PID50426,RIDCAOrangeCounty,38,156975.31,33327.97,29545.02
DRG207,PID50438,RIDCALosAngeles,29,322955.96,53180.20,51976.68
DRG207,PID50441,RIDCASanMateoCounty,11,929118.90,156158.18,154620.81
DRG207,PID50444,RIDCAModesto,12,222686.83,45866.83,45217.16
DRG207,PID50454,RIDCASanFrancisco,12,414555.91,85969.08,85311.41
DRG207,PID50455,RIDCABakersfield,21,250293.09,42847.19,41975.80
DRG207,PID50464,RIDCAModesto,21,424476.61,46383.00,45485.80
DRG207,PID50468,RIDCALosAngeles,12,120023.16,38468.08,35462.00
DRG207,PID50471,RIDCALosAngeles,36,258509.91,47572.55,46313.08
DRG207,PID50481,RIDCALosAngeles,23,361892.60,41181.69,40440.08
DRG207,PID50485,RIDCALosAngeles,19,265718.73,46395.63,45715.42
DRG207,PID50488,RIDCAAlamedaCounty,17,252426.64,49201.41,47372.11
DRG207,PID50496,RIDCAContraCostaCounty,11,332308.90,48155.72,47318.45
DRG207,PID50570,RIDCAOrangeCounty,14,282388.64,47601.50,46631.14
DRG207,PID50573,RIDCAPalmSprings/RanchoM,18,312981.38,34920.83,32419.77
DRG207,PID50575,RIDCALosAngeles,13,178584.69,37854.30,37048.84
DRG207,PID50580,RIDCAOrangeCounty,14,175780.35,57752.42,30814.78
DRG207,PID50581,RIDCALosAngeles,12,146553.50,28892.66,27978.25
DRG207,PID50590,RIDCASacramento,16,251341.81,47372.06,46462.25
DRG207,PID50608,RIDCABakersfield,14,110119.92,46180.71,44892.92
DRG207,PID50616,RIDCAVentura,11,296837.27,49009.81,48707.18
DRG207,PID50625,RIDCALosAngeles,38,596878.02,90466.26,88656.47
DRG207,PID50636,RIDCASanDiego,13,219389.23,40450.76,37287.30
DRG207,PID50644,RIDCALosAngeles,13,246756.76,46198.53,45381.15
DRG207,PID50663,RIDCALosAngeles,15,141107.20,42517.53,40731.93
DRG207,PID50701,RIDCASanDiego,18,140606.16,37884.88,37202.05
DRG207,PID50724,RIDCABakersfield,22,167273.13,33895.18,33485.00
DRG207,PID50737,RIDCALosAngeles,32,446155.34,56330.28,54760.40
DRG207,PID50739,RIDCALosAngeles,25,237400.00,42900.80,41782.76
DRG207,PID50742,RIDCALosAngeles,29,358518.62,37591.34,35720.55
DRG207,PID50752,RIDCALosAngeles,13,258362.53,31890.76,31220.84
DRG207,PID50755,RIDCALosAngeles,11,175028.09,37554.00,35926.09
DRG207,PID50757,RIDCASanDiego,16,140793.18,34543.62,33346.87
DRG207,PID50761,RIDCALosAngeles,13,335322.30,42804.23,42373.92
DRG207,PID50764,RIDCARedding,13,302832.76,38432.92,37871.84
DRG207,PID60015,RIDCODenver,15,215586.80,36741.06,31671.53
DRG207,PID60022,RIDCOColoradoSprings,27,136506.85,34942.88,34064.81
DRG207,PID60024,RIDCODenver,15,279466.60,58690.73,58017.93
DRG207,PID60034,RIDCODenver,14,218211.57,33732.35,32989.14
DRG207,PID60100,RIDCODenver,11,243608.36,41736.45,41176.27
DRG207,PID70001,RIDCTNewHaven,35,173125.42,42508.91,38816.37
DRG207,PID70002,RIDCTHartford,21,131039.47,46071.00,45210.00
DRG207,PID70005,RIDCTNewHaven,15,181943.13,42811.93,42061.53
DRG207,PID70006,RIDCTBridgeport,12,200334.25,56491.58,52435.58
DRG207,PID100008,RIDFLMiami,25,391028.64,45715.36,44623.24
DRG207,PID70007,RIDCTNewHaven,18,89381.50,44101.55,37914.22
DRG207,PID70010,RIDCTBridgeport,15,163588.93,52770.26,51160.46
DRG207,PID70016,RIDCTNewHaven,23,68620.04,40528.95,37734.52
DRG207,PID70017,RIDCTNewHaven,21,58263.14,34635.28,33650.23
DRG207,PID70018,RIDCTBridgeport,15,124848.53,37837.06,36935.73
DRG207,PID70020,RIDCTHartford,14,104900.21,34433.07,32946.35
DRG207,PID70022,RIDCTNewHaven,37,248251.24,66397.45,55254.02
DRG207,PID70024,RIDCTHartford,14,81322.71,36949.21,35990.35
DRG207,PID70025,RIDCTHartford,44,156998.63,51277.68,48940.52
DRG207,PID70027,RIDCTHartford,13,82232.76,35700.69,30607.46
DRG207,PID70028,RIDCTBridgeport,16,125308.87,41325.06,40660.93
DRG207,PID70033,RIDCTNewHaven,15,135696.33,42531.86,41739.53
DRG207,PID70034,RIDCTBridgeport,20,162831.60,50420.95,49523.35
DRG207,PID70035,RIDCTHartford,24,109750.50,40693.66,39203.45
DRG207,PID80001,RIDDEWilmington,77,86934.32,41724.28,39276.03
DRG207,PID80004,RIDDEWilmington,20,77020.25,32456.90,31725.90
DRG207,PID80007,RIDMDSalisbury,17,125690.94,36176.00,34877.82
DRG207,PID90001,RIDDCWashington,18,251113.66,51760.83,50939.05
DRG207,PID90003,RIDDCWashington,16,163965.06,67720.37,66810.12
DRG207,PID90004,RIDDCWashington,26,227729.42,61627.73,58750.46
DRG207,PID90006,RIDDCWashington,13,92195.84,40553.07,39771.84
DRG207,PID90008,RIDDCWashington,18,95175.88,34422.61,33659.33
DRG207,PID90011,RIDDCWashington,39,120567.23,41182.56,39091.48
DRG207,PID100001,RIDFLJacksonville,12,140073.00,43711.08,43053.41
DRG207,PID100002,RIDFLFortLauderdale,22,193882.68,33921.54,31235.18
DRG207,PID100006,RIDFLOrlando,23,185589.39,38769.60,37210.52
DRG207,PID100007,RIDFLOrlando,106,171484.26,35039.28,33312.46
DRG207,PID100009,RIDFLMiami,33,187102.63,40333.12,39385.75
DRG207,PID100012,RIDFLFortMyers,20,104761.70,30756.55,30080.50
DRG207,PID100017,RIDFLOrmondBeach,24,93491.08,31073.29,30459.33
DRG207,PID100018,RIDFLFortMyers,29,122229.27,30605.20,29917.27
DRG207,PID100019,RIDFLOrlando,50,120272.98,29220.18,26354.20
DRG207,PID100022,RIDFLMiami,61,166928.14,62807.04,61540.52
DRG207,PID100025,RIDFLPensacola,25,94105.64,38736.44,29352.40
DRG207,PID100026,RIDFLPanamaCity,45,72340.48,27527.48,26310.04
DRG207,PID100028,RIDFLOrlando,16,65733.87,27305.62,26745.62
DRG207,PID100029,RIDFLMiami,32,161861.68,36898.43,36027.93
DRG207,PID100030,RIDFLOrlando,11,130228.63,31523.81,31112.18
DRG207,PID100032,RIDFLSt.Petersburg,23,156588.13,35069.78,30984.78
DRG207,PID100034,RIDFLMiami,41,232221.51,41500.19,37065.31
DRG207,PID100035,RIDFLBradenton,14,129155.85,31522.85,30963.85
DRG207,PID100038,RIDFLMiami,22,238897.18,43566.09,42699.00
DRG207,PID100040,RIDFLJacksonville,58,119675.81,30325.22,28315.10
DRG207,PID100043,RIDFLClearwater,11,85682.00,26308.90,25491.45
DRG207,PID100044,RIDFLFortLauderdale,14,170441.64,31616.42,30902.42
DRG207,PID100045,RIDFLOrlando,11,86441.63,30967.00,30455.36
DRG207,PID100052,RIDFLOrlando,16,102282.62,25674.75,24869.62
DRG207,PID100053,RIDFLMiami,18,224475.44,45765.72,44640.83
DRG207,PID100057,RIDFLOrlando,12,109645.91,32722.00,27128.83
DRG207,PID100062,RIDFLOcala,19,101478.31,26994.00,25294.94
DRG207,PID100067,RIDFLSt.Petersburg,12,123977.33,27069.66,23537.33
DRG207,PID100068,RIDFLOrmondBeach,13,95760.30,29641.15,28862.38
DRG207,PID100070,RIDFLSarasota,14,95228.42,26729.50,25920.92
DRG207,PID100072,RIDFLOrlando,16,104912.81,29559.12,26507.87
DRG207,PID100073,RIDFLFortLauderdale,17,165161.11,29975.05,28917.23
DRG207,PID100075,RIDFLTampa,33,116774.75,33652.57,32265.24
DRG207,PID100076,RIDFLMiami,13,94791.69,41758.76,40677.69
DRG207,PID100077,RIDFLFortMyers,13,188213.30,32482.00,32093.84
DRG207,PID100080,RIDFLFortLauderdale,23,192869.73,32946.08,30371.95
DRG207,PID100086,RIDFLFortLauderdale,24,284515.58,57237.41,53107.33
DRG207,PID100087,RIDFLSarasota,27,103176.96,29613.62,26791.25
DRG207,PID100088,RIDFLJacksonville,29,153150.72,35450.37,34122.55
DRG207,PID100090,RIDFLJacksonville,26,147794.73,39358.57,31710.03
DRG207,PID100092,RIDFLOrlando,23,96568.21,31220.65,30487.95
DRG207,PID100093,RIDFLPensacola,20,115104.60,28035.40,25859.40
DRG207,PID100105,RIDFLOrlando,14,66390.21,30297.71,29334.28
DRG207,PID100109,RIDFLOrlando,12,181171.83,33562.25,32928.16
DRG207,PID100110,RIDFLOrlando,23,157355.21,36403.26,28051.82
DRG207,PID100113,RIDFLGainesville,33,133560.90,53437.96,51204.33
DRG207,PID100117,RIDFLJacksonville,22,145467.59,31301.00,28540.40
DRG207,PID100128,RIDFLTampa,21,248776.85,48454.80,47276.52
DRG207,PID100131,RIDFLMiami,26,251181.46,33780.15,31652.50
DRG207,PID100135,RIDFLTallahassee,12,103890.16,31477.33,28346.91
DRG207,PID100142,RIDALDothan,22,55671.40,28234.18,27518.18
DRG207,PID100151,RIDFLJacksonville,14,95588.78,38831.14,37833.57
DRG207,PID100154,RIDFLMiami,15,197774.06,36666.00,35672.46
DRG207,PID100157,RIDFLLakeland,55,129310.81,32018.52,29762.60
DRG207,PID100167,RIDFLFortLauderdale,20,212442.05,39214.65,37224.65
DRG207,PID100168,RIDFLFortLauderdale,21,140687.90,29894.23,27253.95
DRG207,PID100173,RIDFLTampa,22,102026.13,32173.90,26233.50
DRG207,PID310014,RIDNJCamden,25,281712.72,50536.48,49547.96
DRG207,PID100176,RIDFLFortLauderdale,15,155909.26,29549.80,26546.13
DRG207,PID100179,RIDFLJacksonville,31,197027.03,28235.12,27673.32
DRG207,PID100187,RIDFLMiami,26,202868.57,42338.30,41732.46
DRG207,PID100189,RIDFLFortLauderdale,11,222347.27,35145.90,25794.54
DRG207,PID100191,RIDFLHudson,12,145665.50,25165.08,21750.58
DRG207,PID100204,RIDFLGainesville,24,169092.54,32182.20,27437.75
DRG207,PID100209,RIDFLMiami,25,210833.52,38865.16,38136.72
DRG207,PID100212,RIDFLOcala,12,178187.16,26863.75,26206.16
DRG207,PID100220,RIDFLFortMyers,19,139625.15,32238.73,28493.73
DRG207,PID100223,RIDFLPensacola,23,231050.21,28521.95,25190.86
DRG207,PID100226,RIDFLJacksonville,13,176040.46,26983.92,26613.84
DRG207,PID100230,RIDFLMiami,16,312464.50,47485.43,45492.87
DRG207,PID100231,RIDFLPensacola,19,170020.52,28088.26,25965.42
DRG207,PID100232,RIDFLGainesville,14,99613.85,29741.78,29000.71
DRG207,PID100236,RIDFLFortMyers,13,234430.69,28850.69,27982.38
DRG207,PID100238,RIDFLSt.Petersburg,12,146681.41,30408.25,29249.08
DRG207,PID100242,RIDFLPanamaCity,12,254862.83,30979.41,30135.83
DRG207,PID100243,RIDFLTampa,20,166954.15,29294.25,28509.85
DRG207,PID100244,RIDFLFortMyers,25,100734.16,27367.36,26695.84
DRG207,PID100248,RIDFLClearwater,19,156540.00,29853.84,28937.10
DRG207,PID100253,RIDFLFortLauderdale,11,188772.27,32846.45,31932.00
DRG207,PID100254,RIDFLTallahassee,13,112068.61,26403.61,25968.23
DRG207,PID100256,RIDFLHudson,17,174277.35,27421.00,26757.00
DRG207,PID100258,RIDFLFortLauderdale,23,189642.21,30208.73,29138.30
DRG207,PID100260,RIDFLFortLauderdale,13,242054.38,33008.15,31921.92
DRG207,PID100264,RIDFLHudson,11,208295.54,25897.90,25334.81
DRG207,PID100265,RIDFLClearwater,18,128240.55,28667.50,27086.05
DRG207,PID100269,RIDFLFortLauderdale,12,179331.25,31636.16,28967.41
DRG207,PID100281,RIDFLMiami,12,199573.91,35267.25,34847.91
DRG207,PID100290,RIDFLOrlando,15,115773.53,28882.93,28052.80
DRG207,PID100307,RIDFLJacksonville,16,126977.93,29064.62,28062.81
DRG207,PID110001,RIDGAAtlanta,21,132757.33,35556.38,32562.52
DRG207,PID110003,RIDFLJacksonville,26,75946.88,32510.88,27067.65
DRG207,PID110007,RIDGAAlbany,25,105080.08,35425.72,34654.88
DRG207,PID110024,RIDGASavannah,18,109349.22,31170.27,30607.83
DRG207,PID110025,RIDFLJacksonville,20,85523.35,37480.65,33895.45
DRG207,PID110028,RIDGAAugusta,23,97567.47,30593.13,28112.78
DRG207,PID110029,RIDGAAtlanta,24,145200.29,35017.20,34409.33
DRG207,PID110031,RIDGAAtlanta,21,165189.57,31618.33,30738.04
DRG207,PID110034,RIDGAAugusta,28,100996.50,47849.96,45734.60
DRG207,PID110035,RIDGAAtlanta,36,140011.77,41367.16,28325.94
DRG207,PID110036,RIDGASavannah,21,101562.66,35451.85,34706.33
DRG207,PID110038,RIDFLTallahassee,14,105190.42,30821.57,30100.71
DRG207,PID110043,RIDGASavannah,27,128584.70,28357.81,27337.74
DRG207,PID110064,RIDGAColumbus,12,96789.66,37148.66,36284.08
DRG207,PID110069,RIDGAMacon,20,90098.95,31696.95,28321.60
DRG207,PID110074,RIDGAAtlanta,16,105044.06,33968.50,27147.37
DRG207,PID110076,RIDGAAtlanta,28,81053.35,33751.07,32582.39
DRG207,PID110078,RIDGAAtlanta,15,157510.40,51756.66,40879.53
DRG207,PID110079,RIDGAAtlanta,12,155581.75,44698.91,44140.91
DRG207,PID110082,RIDGAAtlanta,13,120820.15,32438.53,31751.84
DRG207,PID110083,RIDGAAtlanta,26,208533.88,47716.00,42430.19
DRG207,PID110087,RIDGAAtlanta,21,84175.38,32221.95,31476.42
DRG207,PID110091,RIDGAAtlanta,18,103771.72,34198.88,33461.72
DRG207,PID110095,RIDFLTallahassee,11,113866.63,33742.54,32307.63
DRG207,PID110107,RIDGAMacon,36,150930.50,40822.36,38833.02
DRG207,PID110115,RIDGAAtlanta,14,202757.14,39277.57,37745.78
DRG207,PID110122,RIDFLTallahassee,20,83046.90,32528.20,31577.00
DRG207,PID110129,RIDGAColumbus,14,96031.57,31585.71,24895.57
DRG207,PID110143,RIDGAAtlanta,24,138032.75,36836.37,33488.41
DRG207,PID110164,RIDGAMacon,17,141218.29,32441.41,31483.05
DRG207,PID110165,RIDGAAtlanta,20,90921.30,36211.15,29283.85
DRG207,PID110177,RIDGAAugusta,14,203306.21,36008.57,34585.14
DRG207,PID110191,RIDGAAtlanta,21,104259.14,30808.61,30257.61
DRG207,PID110215,RIDGAAtlanta,16,127451.56,34054.43,27248.37
DRG207,PID110219,RIDGAAtlanta,17,196053.82,33128.82,32529.52
DRG207,PID120010,RIDHIHonolulu,11,136836.00,54559.00,48848.00
DRG207,PID120026,RIDHIHonolulu,13,153018.38,41406.23,40712.15
DRG207,PID120027,RIDHIHonolulu,27,115045.25,43387.22,38063.62
DRG207,PID130006,RIDIDBoise,13,138736.07,51141.92,46636.53
DRG207,PID130049,RIDWASpokane,11,75525.72,30411.00,29902.27
DRG207,PID140002,RIDMOSt.Louis,17,147270.11,38932.88,24767.76
DRG207,PID140007,RIDILJoliet,15,159785.80,38217.86,28144.46
DRG207,PID140008,RIDILMelrosePark,22,164440.50,27072.95,25578.81
DRG207,PID140010,RIDILEvanston,29,130823.48,38753.06,32747.68
DRG207,PID140018,RIDILChicago,24,104743.54,48211.83,46717.16
DRG207,PID140030,RIDILElgin,19,192223.57,41152.89,39964.68
DRG207,PID140048,RIDILChicago,16,124657.31,38403.75,38122.81
DRG207,PID140053,RIDILSpringfield,20,114532.30,33557.75,30095.25
DRG207,PID140054,RIDILMelrosePark,28,115063.50,39801.89,35258.75
DRG207,PID140062,RIDILBlueIsland,26,112408.88,33589.26,26893.53
DRG207,PID140067,RIDILPeoria,53,184579.75,41228.45,37804.71
DRG207,PID140080,RIDILEvanston,18,134019.00,39229.88,37983.66
DRG207,PID140082,RIDILChicago,16,87822.18,31763.93,29510.25
DRG207,PID140084,RIDWIMilwaukee,24,132817.20,33283.25,32254.91
DRG207,PID140088,RIDILChicago,18,245700.38,55260.66,53513.61
DRG207,PID140095,RIDILChicago,14,87672.78,35752.92,34833.92
DRG207,PID140103,RIDILChicago,22,68724.27,43017.18,42338.31
DRG207,PID140114,RIDILChicago,20,198345.75,37539.35,36481.60
DRG207,PID140117,RIDILChicago,18,103634.50,33304.44,32240.66
DRG207,PID140118,RIDILBlueIsland,12,96450.33,31363.08,30713.41
DRG207,PID140133,RIDILChicago,27,94554.14,36940.40,32689.51
DRG207,PID140135,RIDILSpringfield,11,67737.45,27238.81,26118.45
DRG207,PID140148,RIDILSpringfield,49,117570.55,34084.06,32561.24
DRG207,PID140158,RIDILChicago,20,54864.40,45031.20,39534.30
DRG207,PID140166,RIDILSpringfield,12,79663.16,32672.83,32114.83
DRG207,PID140172,RIDILBlueIsland,35,110959.51,36303.77,34284.20
DRG207,PID140177,RIDILChicago,21,156584.28,46000.71,45000.28
DRG207,PID140179,RIDILBlueIsland,22,128609.22,31650.63,30873.27
DRG207,PID140180,RIDILChicago,14,127913.57,39774.64,39006.50
DRG207,PID140181,RIDILChicago,14,97193.57,38686.07,36750.07
DRG207,PID140182,RIDILChicago,14,177633.21,85987.00,44137.50
DRG207,PID140184,RIDKYPaducah,16,183125.75,29615.68,29142.81
DRG207,PID140185,RIDMOSt.Louis,17,113862.11,29987.52,27844.41
DRG207,PID140191,RIDILBlueIsland,12,99342.16,34315.16,33691.08
DRG207,PID140200,RIDILMelrosePark,16,160575.62,31813.25,30242.37
DRG207,PID140202,RIDWIMilwaukee,11,145931.63,32628.54,32014.00
DRG207,PID140208,RIDILBlueIsland,39,123770.05,44360.89,37193.56
DRG207,PID140217,RIDILElgin,21,159252.76,30601.47,30041.47
DRG207,PID140223,RIDILEvanston,26,126097.57,39798.03,36789.34
DRG207,PID140228,RIDILRockford,17,160804.00,46463.94,32894.17
DRG207,PID140231,RIDILHinsdale,18,136984.38,37566.33,28488.27
DRG207,PID140233,RIDILRockford,23,102596.21,32049.60,23104.56
DRG207,PID140239,RIDILRockford,14,149428.42,41209.57,40630.28
DRG207,PID140250,RIDILBlueIsland,15,95098.53,26488.80,25835.40
DRG207,PID140251,RIDILChicago,26,124674.69,32042.42,31565.92
DRG207,PID140252,RIDILEvanston,21,112407.47,29898.33,29214.09
DRG207,PID140258,RIDILMelrosePark,24,184458.58,36870.33,33369.29
DRG207,PID140276,RIDILMelrosePark,22,128275.36,51294.90,45577.27
DRG207,PID140280,RIDIADavenport,18,73633.27,29524.16,28898.83
DRG207,PID140281,RIDILChicago,22,239248.90,54666.31,53174.54
DRG207,PID140286,RIDILRockford,15,148208.73,34217.66,33544.86
DRG207,PID140288,RIDILHinsdale,24,149088.16,43192.29,29504.29
DRG207,PID140290,RIDILElgin,11,167758.72,36731.54,31039.00
DRG207,PID140291,RIDILElgin,24,98592.04,28847.25,27483.70
DRG207,PID150002,RIDINGary,27,81918.85,34747.96,33309.18
DRG207,PID150004,RIDINMunster,21,96931.28,37303.19,33045.76
DRG207,PID150007,RIDINIndianapolis,16,84461.25,31358.56,25698.87
DRG207,PID150009,RIDKYLouisville,21,95353.33,35959.19,27364.80
DRG207,PID150010,RIDINIndianapolis,15,112472.93,32113.33,31369.46
DRG207,PID150011,RIDINIndianapolis,12,45564.33,29704.33,28706.25
DRG207,PID150015,RIDINGary,12,92574.91,28914.75,28076.41
DRG207,PID150017,RIDINFortWayne,39,106118.15,30282.87,27153.25
DRG207,PID150021,RIDINFortWayne,34,94471.82,31654.23,25362.41
DRG207,PID150023,RIDINTerreHaute,26,116806.80,34696.76,33737.57
DRG207,PID150024,RIDINIndianapolis,34,89480.00,46949.35,45613.14
DRG207,PID150033,RIDINIndianapolis,24,105577.08,31724.45,31351.04
DRG207,PID150034,RIDINGary,11,68323.81,30340.90,29323.45
DRG207,PID150035,RIDINGary,30,95521.83,30776.30,28901.33
DRG207,PID150044,RIDKYLouisville,20,90852.80,29818.15,29162.70
DRG207,PID150046,RIDINTerreHaute,25,172019.04,34967.40,33397.88
DRG207,PID150051,RIDINIndianapolis,16,86590.50,31022.00,30460.00
DRG207,PID150056,RIDINIndianapolis,94,116352.19,45063.36,40882.95
DRG207,PID150074,RIDINIndianapolis,20,90279.70,33025.50,32115.85
DRG207,PID150082,RIDINEvansville,42,101101.80,29390.07,25782.85
DRG207,PID150084,RIDINIndianapolis,37,113156.05,35035.94,32568.83
DRG207,PID150089,RIDINMuncie,51,104314.72,32788.72,32232.80
DRG207,PID150100,RIDINEvansville,20,95551.40,29670.35,28586.65
DRG207,PID150125,RIDINMunster,27,81379.55,32228.62,30364.33
DRG207,PID150128,RIDINIndianapolis,12,93586.66,31898.00,27228.33
DRG207,PID150162,RIDINIndianapolis,14,82165.50,29901.21,28935.57
DRG207,PID150169,RIDINIndianapolis,14,104772.78,34850.50,31285.00
DRG207,PID150173,RIDINLafayette,12,92984.25,28528.66,27590.66
DRG207,PID160033,RIDIADavenport,19,124859.26,33550.36,32842.26
DRG207,PID160045,RIDIACedarRapids,15,119414.13,29871.46,29118.86
DRG207,PID160058,RIDIAIowaCity,22,133152.63,48488.18,47563.50
DRG207,PID160083,RIDIADesMoines,55,104830.43,33442.23,29213.03
DRG207,PID170013,RIDKSWichita,19,164336.89,41195.84,40608.68
DRG207,PID170016,RIDKSTopeka,15,77557.66,28599.40,27547.13
DRG207,PID170040,RIDMOKansasCity,16,226594.00,49510.75,47777.31
DRG207,PID170086,RIDKSTopeka,24,183853.62,37932.58,36683.87
DRG207,PID170122,RIDKSWichita,26,165253.61,35421.30,34649.88
DRG207,PID170123,RIDKSWichita,26,172667.19,43303.26,27734.84
DRG207,PID170146,RIDMOKansasCity,13,89060.23,29193.38,27767.69
DRG207,PID180002,RIDKYLexington,11,69170.63,27734.00,27219.45
DRG207,PID180005,RIDKYLexington,19,62992.26,32157.63,30423.36
DRG207,PID180009,RIDWVHuntington,25,108024.44,34271.72,32237.32
DRG207,PID180010,RIDKYLexington,34,85654.67,29965.47,29114.76
DRG207,PID180012,RIDKYLouisville,44,44833.47,26641.61,25269.27
DRG207,PID180013,RIDTNNashville,36,78081.47,34423.61,25795.47
DRG207,PID180029,RIDKYLexington,39,103132.12,34544.33,30777.87
DRG207,PID180035,RIDKYCovington,22,82686.86,31202.90,30488.36
DRG207,PID180038,RIDKYOwensboro,14,69193.50,34803.85,34159.28
DRG207,PID180040,RIDKYLouisville,64,88186.92,34663.37,33177.25
DRG207,PID180044,RIDKYLexington,18,178442.77,45477.94,36541.50
DRG207,PID180048,RIDKYLexington,18,77517.05,31641.61,31140.27
DRG207,PID180051,RIDTNNashville,19,72630.00,31209.73,28971.31
DRG207,PID180056,RIDINEvansville,15,108581.73,34924.53,34331.46
DRG207,PID180067,RIDKYLexington,25,119976.08,46301.00,45365.24
DRG207,PID180078,RIDKYLexington,14,228042.00,28825.57,28183.28
DRG207,PID180088,RIDKYLouisville,45,131643.28,35850.08,33391.91
DRG207,PID180093,RIDKYPaducah,27,74250.44,30208.55,29711.37
DRG207,PID180103,RIDKYLexington,30,101493.66,32668.26,32107.56
DRG207,PID180104,RIDKYPaducah,14,74856.35,28419.28,27613.00
DRG207,PID180130,RIDKYLouisville,18,87960.94,29953.05,27384.22
DRG207,PID180132,RIDKYLexington,28,144211.07,32965.60,32239.53
DRG207,PID180143,RIDKYLexington,12,62786.75,29759.83,29199.16
DRG207,PID190002,RIDLALafayette,25,97244.48,29587.32,24756.40
DRG207,PID190004,RIDLAHouma,22,92022.18,25856.77,24831.68
DRG207,PID190008,RIDLAHouma,29,125802.27,34210.34,32957.58
DRG207,PID190015,RIDLABatonRouge,22,314308.95,42105.50,40392.04
DRG207,PID190017,RIDLALafayette,13,106582.69,39114.61,38420.46
DRG207,PID190019,RIDLAAlexandria,13,93307.92,29256.46,28569.69
DRG207,PID190026,RIDLAAlexandria,38,189547.50,34962.89,33644.02
DRG207,PID190027,RIDLALakeCharles,12,128251.83,27961.08,27138.33
DRG207,PID190036,RIDLANewOrleans,18,118895.16,36748.50,35964.27
DRG207,PID190039,RIDLANewOrleans,16,92999.43,32099.18,31414.87
DRG207,PID190041,RIDLAShreveport,21,173163.00,34342.80,32999.76
DRG207,PID190046,RIDLANewOrleans,16,142860.75,34237.37,33216.93
DRG207,PID190064,RIDLABatonRouge,29,71179.41,31403.75,30825.96
DRG207,PID190065,RIDLABatonRouge,14,75758.00,32599.57,31027.42
DRG207,PID190086,RIDLAShreveport,20,116294.20,30887.70,30298.20
DRG207,PID190098,RIDLAShreveport,11,66826.63,42561.81,41175.45
DRG207,PID190102,RIDLALafayette,16,97387.87,31535.68,25934.25
DRG207,PID190111,RIDLAShreveport,39,122558.46,30000.66,29424.23
DRG207,PID190125,RIDLAMonroe,29,100969.34,30888.51,30164.86
DRG207,PID190144,RIDLAShreveport,16,54267.62,25621.31,23420.37
DRG207,PID190146,RIDLAMetairie,14,111123.28,32920.21,27905.07
DRG207,PID190160,RIDLAMonroe,34,115702.14,27736.35,26791.38
DRG207,PID190176,RIDLANewOrleans,13,263838.15,53360.92,33842.15
DRG207,PID190204,RIDLASlidell,12,138823.25,23567.25,22157.58
DRG207,PID190236,RIDLAShreveport,13,117409.53,25929.15,24946.92
DRG207,PID200009,RIDMEPortland,31,109887.38,41980.32,39599.87
DRG207,PID200024,RIDMEPortland,13,77047.38,37841.15,31872.46
DRG207,PID200033,RIDMEBangor,31,106777.29,41450.51,40916.80
DRG207,PID210001,RIDDCWashington,25,47646.28,44951.88,42115.08
DRG207,PID210002,RIDMDBaltimore,44,61439.47,57878.65,53066.86
DRG207,PID210003,RIDMDTakomaPark,50,51263.34,48187.50,42649.68
DRG207,PID210004,RIDMDTakomaPark,37,43873.83,41241.43,40320.27
DRG207,PID210009,RIDMDBaltimore,27,81181.77,76657.81,68688.07
DRG207,PID210011,RIDMDBaltimore,55,48180.89,45335.67,43433.98
DRG207,PID210012,RIDMDBaltimore,27,53157.29,49967.77,48296.66
DRG207,PID210015,RIDMDBaltimore,19,46745.36,43940.63,42681.73
DRG207,PID210016,RIDMDTakomaPark,19,39197.15,36845.31,34346.63
DRG207,PID210019,RIDMDSalisbury,12,58137.83,54649.50,53527.50
DRG207,PID210023,RIDDCWashington,21,48521.14,45609.95,44928.76
DRG207,PID210024,RIDMDBaltimore,20,64916.70,61021.75,59188.10
DRG207,PID210027,RIDDCWashington,22,47510.50,44659.90,44045.36
DRG207,PID210029,RIDMDBaltimore,26,42214.80,39860.15,33645.92
DRG207,PID210032,RIDDEWilmington,11,47157.00,44397.45,41181.72
DRG207,PID210033,RIDMDBaltimore,12,52389.50,49246.16,48122.16
DRG207,PID210034,RIDMDBaltimore,15,47616.93,44760.00,44311.46
DRG207,PID210037,RIDMDBaltimore,20,64812.45,60923.45,60190.85
DRG207,PID210040,RIDMDBaltimore,25,40573.00,38138.60,36990.36
DRG207,PID210043,RIDMDBaltimore,39,52891.12,49717.64,48975.97
DRG207,PID210048,RIDMDBaltimore,23,33555.65,31542.21,30982.47
DRG207,PID210049,RIDMDBaltimore,20,39591.35,37312.20,35420.40
DRG207,PID210055,RIDMDTakomaPark,12,70250.58,66035.33,60799.83
DRG207,PID210056,RIDMDBaltimore,15,46970.26,44152.06,43020.06
DRG207,PID210057,RIDDCWashington,20,52148.95,49382.10,43705.70
DRG207,PID220008,RIDRIProvidence,19,50510.05,32996.47,30714.21
DRG207,PID220010,RIDMABoston,12,59785.58,40456.16,39704.16
DRG207,PID220012,RIDMABoston,12,46512.91,41259.00,40698.33
DRG207,PID220031,RIDMABoston,27,114432.25,64026.55,62329.33
DRG207,PID220035,RIDMABoston,20,139250.10,43559.75,42783.40
DRG207,PID220046,RIDNYAlbany,28,66848.67,41104.35,36988.89
DRG207,PID220060,RIDMABoston,16,63196.56,35097.75,34325.50
DRG207,PID220071,RIDMABoston,38,147696.18,47260.26,46589.92
DRG207,PID220073,RIDMABoston,13,31480.76,31830.61,30103.76
DRG207,PID220074,RIDMABoston,51,72512.92,38767.96,32874.43
DRG207,PID220077,RIDMASpringfield,16,63389.43,42429.56,38793.06
DRG207,PID220086,RIDMABoston,31,103348.70,53030.32,51940.25
DRG207,PID220090,RIDMABoston,14,58580.42,29810.07,28419.85
DRG207,PID220100,RIDMABoston,13,54565.07,36131.07,29619.76
DRG207,PID220110,RIDMABoston,32,201583.71,52749.15,51962.71
DRG207,PID220111,RIDMABoston,16,37585.37,37308.25,36500.62
DRG207,PID220116,RIDMABoston,21,191183.85,61030.76,60077.23
DRG207,PID220126,RIDMABoston,18,51553.22,33484.22,29149.11
DRG207,PID220135,RIDMABoston,12,48353.16,33471.16,32630.16
DRG207,PID220163,RIDMAWorcester,65,125799.93,51036.60,48602.56
DRG207,PID220171,RIDMABoston,16,53177.18,38204.43,37645.43
DRG207,PID220176,RIDMAWorcester,19,54014.68,36474.42,34144.84
DRG207,PID230002,RIDMIAnnArbor,20,77925.40,30489.85,28301.65
DRG207,PID230004,RIDMIMuskegon,21,61252.38,31544.42,30488.95
DRG207,PID230005,RIDMIAnnArbor,14,80141.07,28977.42,28254.28
DRG207,PID230017,RIDMIKalamazoo,14,89750.64,37894.50,37133.21
DRG207,PID230019,RIDMIRoyalOak,37,79233.70,37134.62,35853.10
DRG207,PID230020,RIDMIDearborn,54,97069.42,36526.79,34757.31
DRG207,PID230024,RIDMIDetroit,31,97128.48,45852.16,45107.70
DRG207,PID230029,RIDMIPontiac,31,52401.90,36208.96,33747.06
DRG207,PID230038,RIDMIGrandRapids,37,60769.86,36386.86,33831.21
DRG207,PID230041,RIDMISaginaw,21,87127.19,29214.66,28681.71
DRG207,PID230046,RIDMIAnnArbor,38,203249.26,83332.21,61711.00
DRG207,PID230047,RIDMIDetroit,23,66271.34,31518.65,30789.08
DRG207,PID230053,RIDMIDetroit,57,130571.33,51424.87,49131.94
DRG207,PID230054,RIDMIMarquette,11,62229.27,36875.18,36566.45
DRG207,PID230059,RIDMIGrandRapids,11,73881.18,37658.90,36841.45
DRG207,PID230070,RIDMISaginaw,34,105184.20,39506.76,30447.58
DRG207,PID230077,RIDMISaginaw,20,104273.25,34472.50,33867.55
DRG207,PID230097,RIDMITraverseCity,14,85501.14,36660.57,35935.14
DRG207,PID230105,RIDMIPetoskey,12,65585.00,32680.66,31839.66
DRG207,PID230130,RIDMIRoyalOak,61,134510.60,44321.47,41524.75
DRG207,PID230132,RIDMIFlint,27,132832.44,51644.29,50808.18
DRG207,PID230141,RIDMIFlint,27,80686.59,36669.55,35817.77
DRG207,PID230142,RIDMIAnnArbor,22,79371.18,32597.63,31141.36
DRG207,PID230146,RIDMIDearborn,20,75591.65,31139.10,30675.40
DRG207,PID230151,RIDMIAnnArbor,40,55358.67,33644.45,32536.67
DRG207,PID230156,RIDMIAnnArbor,31,119767.22,44797.96,31514.64
DRG207,PID230165,RIDMIDetroit,50,75525.82,36022.48,35320.74
DRG207,PID230167,RIDMILansing,13,106666.15,35681.07,34494.00
DRG207,PID230195,RIDMIDetroit,43,85484.88,33479.62,32623.53
DRG207,PID230197,RIDMIFlint,33,105539.45,39528.33,37355.63
DRG207,PID230216,RIDMIDetroit,12,78916.41,30855.41,26605.16
DRG207,PID230222,RIDMISaginaw,13,79872.15,33865.76,33087.00
DRG207,PID230227,RIDMIDetroit,13,88615.53,34714.07,34195.23
DRG207,PID230230,RIDMILansing,29,117205.44,38589.89,37065.24
DRG207,PID230236,RIDMIGrandRapids,16,73470.87,40802.87,33322.87
DRG207,PID230244,RIDMIDearborn,23,41199.21,34048.17,32996.95
DRG207,PID230254,RIDMIRoyalOak,12,115492.58,33624.41,31790.25
DRG207,PID230269,RIDMIRoyalOak,13,122209.07,33894.30,32484.23
DRG207,PID230270,RIDMIDearborn,20,70843.75,32002.70,27459.75
DRG207,PID230273,RIDMIDetroit,13,100919.23,49068.92,48461.84
DRG207,PID230277,RIDMIPontiac,13,110963.61,39602.84,30568.92
DRG207,PID240001,RIDMNMinneapolis,35,165210.91,37194.88,31092.94
DRG207,PID240002,RIDMNDuluth,40,117398.55,40719.40,39476.57
DRG207,PID240004,RIDMNMinneapolis,26,129899.15,61375.96,60633.50
DRG207,PID240010,RIDMNRochester,33,145202.60,62770.42,45848.96
DRG207,PID240036,RIDMNSt.Cloud,26,101104.50,39840.00,39363.57
DRG207,PID240038,RIDMNSt.Paul,14,171354.07,50111.57,32165.92
DRG207,PID240057,RIDMNMinneapolis,36,187587.36,43300.36,37262.00
DRG207,PID240063,RIDMNSt.Paul,11,95612.09,33568.00,31715.63
DRG207,PID240078,RIDMNMinneapolis,11,193268.36,52368.63,51554.18
DRG207,PID240080,RIDMNMinneapolis,16,196375.62,57062.43,56708.62
DRG207,PID240106,RIDMNSt.Paul,17,107910.94,41746.94,40820.35
DRG207,PID240115,RIDMNMinneapolis,16,138168.18,32770.18,31942.93
DRG207,PID250001,RIDMSJackson,38,107041.05,42277.81,41244.23
DRG207,PID250004,RIDMSTupelo,26,98592.80,32721.30,30692.50
DRG207,PID250019,RIDMSGulfport,11,221049.81,37687.72,35409.63
DRG207,PID250031,RIDMSJackson,12,156262.16,31691.25,31080.75
DRG207,PID250034,RIDMSOxford,14,101942.35,38048.42,30720.35
DRG207,PID250040,RIDALMobile,15,191961.20,40966.73,33867.80
DRG207,PID250048,RIDMSJackson,19,102766.31,35606.10,28607.52
DRG207,PID250058,RIDMSHattiesburg,15,73047.80,30076.40,26485.20
DRG207,PID250069,RIDMSMeridian,18,102234.00,31517.11,30828.88
DRG207,PID250072,RIDMSJackson,16,220293.68,40942.37,28720.12
DRG207,PID250078,RIDMSHattiesburg,35,90454.57,31350.05,30628.74
DRG207,PID250082,RIDTNMemphis,14,91588.07,30714.85,29428.00
DRG207,PID250094,RIDMSHattiesburg,26,252806.76,42693.15,42003.96
DRG207,PID250097,RIDMSJackson,19,64345.84,32594.94,28117.84
DRG207,PID250100,RIDMSTupelo,17,82611.70,28835.52,28177.17
DRG207,PID250102,RIDMSJackson,48,138339.04,36982.06,32445.87
DRG207,PID250104,RIDMSMeridian,23,64866.26,26971.73,26192.60
DRG207,PID250141,RIDTNMemphis,24,91440.16,34895.91,32427.58
DRG207,PID260001,RIDMOJoplin,18,124077.72,28883.55,28380.44
DRG207,PID260006,RIDMOKansasCity,29,100215.17,38583.27,37230.00
DRG207,PID260017,RIDMOSt.Louis,15,91846.06,35178.86,34583.66
DRG207,PID260020,RIDMOSt.Louis,36,148400.19,34202.08,31352.33
DRG207,PID260023,RIDMOSt.Louis,12,90369.33,28830.00,28274.66
DRG207,PID260025,RIDMOColumbia,16,96318.43,34229.50,32586.50
DRG207,PID260027,RIDMOKansasCity,22,211406.18,36315.18,34780.00
DRG207,PID260032,RIDMOSt.Louis,58,132125.44,43185.31,40883.37
DRG207,PID260040,RIDMOSpringfield,22,126980.77,33863.36,33200.22
DRG207,PID260065,RIDMOSpringfield,38,143379.86,39673.07,38993.84
DRG207,PID260068,RIDMOColumbia,17,78706.00,26661.64,21730.52
DRG207,PID260077,RIDMOSt.Louis,25,115387.88,30898.60,29244.00
DRG207,PID260085,RIDMOKansasCity,28,105575.89,27630.85,21480.00
DRG207,PID260091,RIDMOSt.Louis,12,127860.58,42279.33,39240.25
DRG207,PID260095,RIDMOKansasCity,11,170493.72,42428.90,24225.63
DRG207,PID260104,RIDMOSt.Louis,20,140789.15,36324.30,34860.65
DRG207,PID260105,RIDMOSt.Louis,14,185466.85,50506.85,45199.21
DRG207,PID260108,RIDMOSt.Louis,25,70456.44,25679.36,24940.24
DRG207,PID260110,RIDMOCapeGirardeau,13,135120.07,30457.00,29852.38
DRG207,PID260119,RIDMOSt.Louis,15,218306.66,36766.26,35729.20
DRG207,PID260137,RIDMOJoplin,31,101393.09,29925.74,28963.22
DRG207,PID260138,RIDMOKansasCity,29,194701.37,40913.34,39259.20
DRG207,PID260141,RIDMOColumbia,38,111837.13,37948.00,34451.78
DRG207,PID260176,RIDMOSt.Louis,11,161483.00,27603.81,25777.63
DRG207,PID260179,RIDMOSt.Louis,25,100098.00,31009.96,25654.04
DRG207,PID260180,RIDMOSt.Louis,44,137212.63,38345.20,35475.52
DRG207,PID260183,RIDMOCapeGirardeau,19,166041.63,32243.05,31485.05
DRG207,PID260210,RIDMOSt.Louis,11,98385.00,30312.36,29018.63
DRG207,PID270004,RIDMTBillings,15,69458.26,31074.73,29328.60
DRG207,PID280003,RIDNELincoln,28,99566.67,30676.46,26839.10
DRG207,PID280013,RIDNEOmaha,32,137737.78,41186.40,40199.90
DRG207,PID280023,RIDNEOmaha,12,81193.83,33307.08,25254.91
DRG207,PID280040,RIDNEOmaha,29,87136.10,27499.44,25292.24
DRG207,PID280060,RIDNEOmaha,20,129861.80,33167.05,32555.70
DRG207,PID280130,RIDNEOmaha,12,108399.75,28950.33,28345.08
DRG207,PID290001,RIDNVReno,61,160963.75,35582.01,32903.34
DRG207,PID290003,RIDNVLasVegas,61,268806.06,43050.55,37724.16
DRG207,PID290005,RIDNVLasVegas,18,214798.38,38146.55,33642.38
DRG207,PID290007,RIDNVLasVegas,19,286510.31,64959.26,60232.10
DRG207,PID290009,RIDNVReno,14,105994.42,28883.21,26105.92
DRG207,PID290012,RIDNVLasVegas,15,185894.93,31930.46,30081.40
DRG207,PID290019,RIDNVReno,14,113916.07,37352.57,36467.71
DRG207,PID290021,RIDNVLasVegas,34,297919.23,41270.61,39440.08
DRG207,PID290022,RIDNVLasVegas,29,217532.89,36860.37,29449.03
DRG207,PID290032,RIDNVReno,13,116986.38,30770.76,21335.07
DRG207,PID290039,RIDNVLasVegas,46,231084.00,32230.65,30458.91
DRG207,PID290041,RIDNVLasVegas,32,253299.34,35651.15,34679.18
DRG207,PID290045,RIDNVLasVegas,24,241954.45,36654.16,33322.41
DRG207,PID290046,RIDNVLasVegas,28,268657.89,34995.46,33640.14
DRG207,PID290047,RIDNVLasVegas,11,379300.81,60383.90,42689.18
DRG207,PID290054,RIDNVLasVegas,11,300912.36,41886.81,39024.63
DRG207,PID300003,RIDNHLebanon,28,131069.67,51065.75,49616.82
DRG207,PID300005,RIDNHManchester,11,143958.00,41827.63,41187.36
DRG207,PID300034,RIDNHManchester,11,123319.72,29925.72,29422.72
DRG207,PID310001,RIDNJHackensack,39,255448.76,42454.97,41743.58
DRG207,PID310002,RIDNJNewark,20,242417.20,55877.95,55150.15
DRG207,PID310003,RIDNJHackensack,17,211431.35,50973.82,40073.52
DRG207,PID310005,RIDPAPhiladelphia,15,140330.66,44525.33,43701.13
DRG207,PID310006,RIDNJHackensack,18,147973.55,40425.66,39664.16
DRG207,PID310008,RIDNJHackensack,14,195596.42,38725.21,37638.21
DRG207,PID310009,RIDNJNewark,37,174119.70,35400.70,34556.89
DRG207,PID310011,RIDNJCamden,13,86225.92,31394.92,30613.69
DRG207,PID310012,RIDNJRidgewood,31,159168.51,37641.83,34758.67
DRG207,PID310015,RIDNJMorristown,25,177743.84,40808.28,40092.76
DRG207,PID310017,RIDNJPaterson,15,161219.53,34613.20,33032.73
DRG207,PID310019,RIDNJPaterson,39,235204.79,46549.35,45766.20
DRG207,PID310022,RIDNJCamden,35,225362.34,35258.08,31604.82
DRG207,PID310024,RIDNJNewark,38,202513.44,28825.00,27606.42
DRG207,PID310027,RIDNJNewark,26,205748.34,40504.07,39696.34
DRG207,PID310029,RIDNJCamden,14,226230.50,37223.85,35886.07
DRG207,PID310032,RIDNJCamden,25,227451.68,36849.24,35657.64
DRG207,PID310034,RIDNJCamden,23,247425.34,31730.60,30278.04
DRG207,PID310038,RIDNJNewBrunswick,33,296891.66,49123.06,47963.54
DRG207,PID310039,RIDNJNewBrunswick,41,199784.07,39081.29,37985.68
DRG207,PID310041,RIDNJCamden,50,152352.62,31341.44,30650.38
DRG207,PID310044,RIDPAPhiladelphia,12,578212.75,62362.50,59871.50
DRG207,PID310045,RIDNJHackensack,11,205864.81,38520.72,36580.00
DRG207,PID310048,RIDNJNewBrunswick,24,349721.16,50463.70,45907.29
DRG207,PID310050,RIDNJMorristown,19,148227.36,31162.52,29830.05
DRG207,PID310051,RIDNJMorristown,21,183129.28,41782.90,38131.85
DRG207,PID310052,RIDNJCamden,29,216502.86,31118.79,30341.65
DRG207,PID310054,RIDNJNewark,16,183259.31,40175.87,39551.12
DRG207,PID310060,RIDPAAllentown,11,173435.63,38352.18,36762.90
DRG207,PID310061,RIDNJCamden,22,294346.72,34194.95,30701.13
DRG207,PID310064,RIDNJCamden,57,230896.50,34865.28,33972.24
DRG207,PID310070,RIDNJNewBrunswick,19,383701.78,51519.63,50910.68
DRG207,PID310073,RIDNJCamden,43,258823.74,37303.95,36628.83
DRG207,PID310075,RIDNJCamden,16,269168.50,44981.68,44103.25
DRG207,PID310076,RIDNJNewark,13,241553.15,46352.46,43790.69
DRG207,PID310081,RIDPAPhiladelphia,24,264963.83,35360.62,34187.50
DRG207,PID310083,RIDNJNewark,13,229504.76,41029.23,38264.53
DRG207,PID310084,RIDNJCamden,22,211376.77,34756.50,33504.59
DRG207,PID310086,RIDNJCamden,31,217842.61,35516.58,34445.00
DRG207,PID310092,RIDPAPhiladelphia,14,446585.14,43123.14,41750.85
DRG207,PID310096,RIDNJNewark,17,110083.00,42160.35,41466.82
DRG207,PID310108,RIDNJNewBrunswick,43,145075.23,34569.97,31877.13
DRG207,PID310110,RIDPAPhiladelphia,26,236041.88,30852.30,29990.15
DRG207,PID310111,RIDNJCamden,16,138350.18,32246.68,31071.62
DRG207,PID310112,RIDNJCamden,32,143166.75,29641.56,28495.75
DRG207,PID310113,RIDNJCamden,12,111173.16,30043.75,29270.83
DRG207,PID310118,RIDNJHackensack,37,602981.37,55592.97,45970.08
DRG207,PID320009,RIDNMAlbuquerque,11,140222.36,34270.00,33964.18
DRG207,PID320018,RIDTXElPaso,11,149825.54,37069.00,36351.45
DRG207,PID320085,RIDTXElPaso,29,109361.06,29217.75,28525.96
DRG207,PID330004,RIDNYAlbany,39,79470.20,37044.64,34964.20
DRG207,PID330005,RIDNYBuffalo,31,125101.74,49159.83,46197.22
DRG207,PID330006,RIDNYWhitePlains,17,40925.76,44680.17,43566.70
DRG207,PID330009,RIDNYBronx,29,37431.06,68510.65,67512.96
DRG207,PID330011,RIDNYBinghamton,14,50206.50,27715.00,27038.00
DRG207,PID330013,RIDNYAlbany,22,122165.22,39549.86,38562.27
DRG207,PID330014,RIDNYEastLongIsland,23,64228.91,56575.43,52416.82
DRG207,PID330019,RIDNYManhattan,36,51140.16,48191.77,47292.19
DRG207,PID330023,RIDNYAlbany,23,138178.43,37281.47,35626.30
DRG207,PID330024,RIDNYManhattan,56,116820.71,63389.19,59866.53
DRG207,PID330027,RIDNYEastLongIsland,27,74731.62,54736.70,53472.22
DRG207,PID330028,RIDNYManhattan,31,149967.48,52060.70,51338.67
DRG207,PID330044,RIDNYElmira,22,109624.40,40131.59,36336.22
DRG207,PID330045,RIDNYEastLongIsland,17,85825.29,34090.94,33101.52
DRG207,PID330046,RIDNYManhattan,26,159761.46,59044.30,57798.73
DRG207,PID330055,RIDNYEastLongIsland,71,93326.50,46856.52,44572.33
DRG207,PID330056,RIDNYManhattan,11,72264.54,61957.18,60293.63
DRG207,PID330059,RIDNYBronx,78,165982.19,61594.96,55804.53
DRG207,PID330064,RIDNYManhattan,15,95380.06,62556.13,59321.80
DRG207,PID330080,RIDNYBronx,17,49750.64,74173.64,73169.94
DRG207,PID330101,RIDNYManhattan,94,196162.77,66685.64,64809.73
DRG207,PID330104,RIDNJHackensack,27,153277.11,40040.51,36431.51
DRG207,PID330106,RIDNYEastLongIsland,46,141838.41,48383.30,42918.23
DRG207,PID330119,RIDNYManhattan,19,284942.00,55363.36,47250.47
DRG207,PID330125,RIDNYRochester,15,83350.86,40683.80,39105.40
DRG207,PID330126,RIDNYWhitePlains,25,155762.00,38712.12,37835.56
DRG207,PID330127,RIDNYBronx,14,56113.78,64089.07,63307.00
DRG207,PID330128,RIDNYEastLongIsland,21,70412.61,67066.23,66142.47
DRG207,PID330135,RIDNJMorristown,13,156141.46,39224.07,37400.30
DRG207,PID330136,RIDNYAlbany,16,63955.81,45463.81,42731.75
DRG207,PID330140,RIDNYSyracuse,21,83367.28,36730.95,35829.47
DRG207,PID330141,RIDNYEastLongIsland,62,143904.24,36243.75,32411.32
DRG207,PID330151,RIDNYRochester,11,29636.63,30779.54,30573.72
DRG207,PID330153,RIDNYAlbany,34,146267.26,35304.73,34376.26
DRG207,PID330158,RIDNJRidgewood,12,130801.33,37284.41,36018.91
DRG207,PID330160,RIDNYManhattan,33,86878.09,45042.66,44161.42
DRG207,PID330164,RIDNYRochester,28,58103.60,35446.10,31036.89
DRG207,PID330167,RIDNYEastLongIsland,18,187451.33,50515.38,49675.66
DRG207,PID330169,RIDNYManhattan,61,154461.03,59076.77,54782.72
DRG207,PID330180,RIDNYAlbany,12,57970.33,29188.75,25477.25
DRG207,PID330182,RIDNYEastLongIsland,21,151422.00,40195.76,29651.47
DRG207,PID330184,RIDNYBronx,16,92974.81,49813.75,48595.31
DRG207,PID330185,RIDNYEastLongIsland,14,164239.14,43068.57,36849.64
DRG207,PID330191,RIDNYAlbany,13,68877.30,31286.69,30338.76
DRG207,PID330193,RIDNYEastLongIsland,19,79289.89,54364.26,53196.84
DRG207,PID330194,RIDNYManhattan,78,239438.62,81892.85,77450.48
DRG207,PID330195,RIDNYEastLongIsland,24,168736.50,57393.25,56503.41
DRG207,PID330196,RIDNYManhattan,38,63772.47,66850.89,66155.89
DRG207,PID330198,RIDNYEastLongIsland,23,160852.34,39917.78,36612.91
DRG207,PID330201,RIDNYManhattan,28,110521.75,47833.21,46486.28
DRG207,PID330202,RIDNYManhattan,14,83421.57,72706.50,70613.71
DRG207,PID330203,RIDNYSyracuse,17,86307.52,39859.00,36427.17
DRG207,PID330208,RIDNYWhitePlains,21,98723.71,47395.85,45385.57
DRG207,PID330214,RIDNYManhattan,21,251098.90,66151.80,65159.09
DRG207,PID330219,RIDNYBuffalo,12,85176.50,45007.16,43508.50
DRG207,PID330221,RIDNYManhattan,16,116761.25,58471.43,57487.93
DRG207,PID330222,RIDNYAlbany,13,112073.23,35488.30,29491.30
DRG207,PID330231,RIDNYEastLongIsland,13,38224.07,60916.07,60374.30
DRG207,PID330233,RIDNYManhattan,49,87352.22,59545.04,57944.85
DRG207,PID330234,RIDNYWhitePlains,15,375499.73,99929.46,98792.46
DRG207,PID330236,RIDNYManhattan,32,82630.37,53174.90,51974.06
DRG207,PID330241,RIDNYSyracuse,23,115760.47,54430.52,53736.13
DRG207,PID330245,RIDNYElmira,18,64223.83,30287.55,29662.16
DRG207,PID330246,RIDNYEastLongIsland,17,99252.64,37363.88,33002.29
DRG207,PID330250,RIDVTBurlington,12,91737.08,41655.66,40814.75
DRG207,PID330259,RIDNYEastLongIsland,23,119633.04,38583.26,37804.17
DRG207,PID330261,RIDNYWhitePlains,11,142016.09,43205.45,42176.36
DRG207,PID330264,RIDNYWhitePlains,18,104424.94,35286.61,34008.11
DRG207,PID330285,RIDNYRochester,20,104461.15,50083.00,47623.00
DRG207,PID330286,RIDNYEastLongIsland,27,158051.40,41816.03,36943.03
DRG207,PID330304,RIDNYWhitePlains,20,134092.05,45335.10,43178.90
DRG207,PID330306,RIDNYManhattan,24,64607.70,60513.62,59801.00
DRG207,PID330331,RIDNYEastLongIsland,15,189276.80,55856.80,48872.06
DRG207,PID330332,RIDNYEastLongIsland,22,96436.77,35527.40,34709.95
DRG207,PID330350,RIDNYManhattan,14,79902.57,65357.78,64416.85
DRG207,PID330353,RIDNYEastLongIsland,28,104236.64,46032.17,42939.82
DRG207,PID330372,RIDNYEastLongIsland,25,86819.44,35950.96,34995.16
DRG207,PID330393,RIDNYEastLongIsland,26,193342.03,60318.61,51754.69
DRG207,PID330394,RIDNYBinghamton,13,70436.61,34113.53,28652.92
DRG207,PID330395,RIDNYEastLongIsland,18,65770.44,55953.44,55201.88
DRG207,PID330396,RIDNYManhattan,26,48129.07,61479.26,59867.61
DRG207,PID330397,RIDNYManhattan,12,117886.16,65568.00,63813.66
DRG207,PID330399,RIDNYBronx,11,112856.36,69143.90,68383.72
DRG207,PID340001,RIDNCCharlotte,19,65941.94,32345.15,31638.63
DRG207,PID340002,RIDNCAsheville,52,76998.40,32956.51,32373.05
DRG207,PID340010,RIDNCRaleigh,27,55564.66,36021.74,34059.44
DRG207,PID340014,RIDNCWinstonSalem,48,80469.00,36303.35,32036.52
DRG207,PID340015,RIDNCCharlotte,16,92819.37,31508.75,29615.50
DRG207,PID340021,RIDNCCharlotte,19,64915.42,30428.21,29660.42
DRG207,PID340027,RIDNCGreenville,28,71744.71,31585.32,30733.10
DRG207,PID340028,RIDNCRaleigh,23,125723.30,37476.69,36629.04
DRG207,PID340030,RIDNCDurham,15,136409.66,50173.00,46100.66
DRG207,PID340032,RIDNCCharlotte,41,82134.43,32257.31,30573.58
DRG207,PID340039,RIDNCWinstonSalem,19,126959.63,28445.26,27711.47
DRG207,PID340040,RIDNCGreenville,73,137970.32,48383.09,46796.28
DRG207,PID340041,RIDNCHickory,20,59032.40,26409.20,25583.95
DRG207,PID340042,RIDNCGreenville,21,90715.52,32889.71,31188.57
DRG207,PID340047,RIDNCWinstonSalem,60,92285.38,49047.05,46318.13
DRG207,PID340050,RIDNCDurham,26,90287.61,39535.38,38490.96
DRG207,PID340053,RIDNCCharlotte,19,95434.47,32940.68,32411.15
DRG207,PID340061,RIDNCDurham,23,112191.04,57591.39,55945.43
DRG207,PID340069,RIDNCRaleigh,49,131972.38,36054.26,35293.14
DRG207,PID340070,RIDNCDurham,17,67388.58,29025.00,28298.17
DRG207,PID340090,RIDNCRaleigh,17,152818.58,35958.35,35102.17
DRG207,PID340091,RIDNCGreensboro,39,57413.92,30890.02,29600.51
DRG207,PID340098,RIDNCCharlotte,18,99130.72,32098.22,28467.55
DRG207,PID340113,RIDNCCharlotte,42,84203.83,41790.33,38589.04
DRG207,PID340115,RIDNCDurham,23,107171.39,33264.56,30342.69
DRG207,PID340116,RIDNCHickory,13,205745.84,31509.46,30651.00
DRG207,PID340123,RIDNCGreensboro,15,47930.66,27789.40,26795.86
DRG207,PID340126,RIDNCRaleigh,16,97068.75,32143.68,31446.12
DRG207,PID340130,RIDNCCharlotte,13,56241.07,32500.15,30399.53
DRG207,PID340131,RIDNCGreenville,15,56919.13,34830.06,33796.66
DRG207,PID340141,RIDNCWilmington,43,82324.44,35872.39,34066.46
DRG207,PID340143,RIDNCHickory,20,94117.35,30318.20,29588.80
DRG207,PID340147,RIDNCRaleigh,24,76763.66,34169.58,33325.91
DRG207,PID340155,RIDNCDurham,19,97239.52,36148.05,35115.52
DRG207,PID350011,RIDNDFargo/MoorheadMN,35,76902.48,34073.05,31212.54
DRG207,PID350015,RIDNDBismarck,13,71332.15,33289.76,32317.53
DRG207,PID350019,RIDNDGrandForks,11,103026.63,36440.81,35729.18
DRG207,PID360001,RIDOHCincinnati,14,89132.00,30069.57,29348.71
DRG207,PID360003,RIDOHCincinnati,31,138975.51,52050.45,51454.16
DRG207,PID360006,RIDOHColumbus,55,100964.40,33936.18,29185.38
DRG207,PID360008,RIDOHColumbus,21,75128.66,32418.85,31135.66
DRG207,PID360009,RIDOHDayton,20,64430.55,26254.20,25737.45
DRG207,PID360012,RIDOHColumbus,21,47449.66,29514.14,28374.38
DRG207,PID360017,RIDOHColumbus,31,117002.96,37957.25,37272.67
DRG207,PID360019,RIDOHAkron,24,127767.20,31528.08,30805.04
DRG207,PID360020,RIDOHAkron,85,213199.20,41101.87,35991.62
DRG207,PID360025,RIDOHCleveland,16,76332.93,29648.56,28304.31
DRG207,PID360027,RIDOHAkron,19,108018.52,31070.10,29661.73
DRG207,PID360035,RIDOHColumbus,52,51804.59,31603.65,27739.15
DRG207,PID360039,RIDOHColumbus,25,71936.20,29792.20,28991.24
DRG207,PID360041,RIDOHCleveland,19,56247.00,26906.26,25615.47
DRG207,PID360048,RIDOHToledo,28,145749.03,46394.75,45599.78
DRG207,PID360051,RIDOHDayton,46,169918.93,37387.45,34995.71
DRG207,PID360052,RIDOHDayton,40,170936.30,37755.07,35769.47
DRG207,PID360054,RIDOHColumbus,23,55482.52,31569.60,24305.30
DRG207,PID360055,RIDOHYoungstown,12,139526.75,29967.25,29006.33
DRG207,PID360056,RIDOHCincinnati,11,73498.36,25168.54,24379.00
DRG207,PID360059,RIDOHCleveland,26,95327.38,49616.38,47333.80
DRG207,PID360064,RIDOHYoungstown,26,81714.42,28245.00,25535.00
DRG207,PID360066,RIDOHDayton,50,78197.10,26262.04,25486.24
DRG207,PID360068,RIDOHToledo,41,163717.39,36889.75,33047.29
DRG207,PID360070,RIDOHCanton,22,50065.90,31080.86,26311.22
DRG207,PID360072,RIDOHColumbus,20,53091.55,29158.70,28556.65
DRG207,PID360074,RIDOHToledo,16,132854.75,31354.50,29556.37
DRG207,PID360076,RIDOHKettering,17,166115.00,35804.17,35149.58
DRG207,PID360077,RIDOHCleveland,26,109669.84,31780.19,31064.26
DRG207,PID360082,RIDOHCleveland,15,93667.40,28326.93,27121.60
DRG207,PID360084,RIDOHCanton,21,61750.47,36347.76,25255.52
DRG207,PID360085,RIDOHColumbus,50,138263.02,40684.30,38889.50
DRG207,PID360086,RIDOHDayton,26,68594.53,28539.88,27902.61
DRG207,PID360090,RIDOHToledo,20,71718.55,26011.05,25600.70
DRG207,PID360098,RIDOHCleveland,29,104689.79,27631.62,24499.17
DRG207,PID360112,RIDOHToledo,31,143030.77,42310.00,41672.00
DRG207,PID360115,RIDOHCleveland,16,77600.81,25338.56,23772.37
DRG207,PID360118,RIDOHColumbus,23,59692.69,27104.26,25158.56
DRG207,PID360123,RIDOHCleveland,13,68930.30,26572.00,21626.76
DRG207,PID360131,RIDOHCanton,11,58976.54,29527.90,28964.90
DRG207,PID360132,RIDOHCincinnati,19,102244.10,30208.84,29055.47
DRG207,PID360134,RIDOHCincinnati,17,128506.29,36528.52,35060.64
DRG207,PID360137,RIDOHCleveland,28,114286.82,44435.82,43767.78
DRG207,PID360144,RIDOHCleveland,12,78496.66,33321.00,24193.33
DRG207,PID360145,RIDOHElyria,21,57135.47,28081.09,27492.71
DRG207,PID360147,RIDOHColumbus,13,77809.38,24632.53,18375.00
DRG207,PID360150,RIDOHAkron,12,161559.00,31998.66,31110.50
DRG207,PID360155,RIDOHCleveland,22,68956.63,24918.00,23911.59
DRG207,PID360159,RIDOHColumbus,14,106003.28,33038.14,32314.42
DRG207,PID360161,RIDOHYoungstown,15,80814.53,29106.20,28374.66
DRG207,PID360163,RIDOHCincinnati,28,109376.42,32837.53,31924.07
DRG207,PID360172,RIDOHElyria,20,64591.35,27658.85,26915.30
DRG207,PID360174,RIDOHDayton,11,129265.00,33160.09,24725.18
DRG207,PID360175,RIDOHCincinnati,13,41595.15,32101.61,31238.23
DRG207,PID360179,RIDOHCincinnati,12,97996.50,32575.58,26562.66
DRG207,PID360180,RIDOHCleveland,72,195266.84,50857.34,41212.83
DRG207,PID360192,RIDOHCleveland,13,84774.69,24626.38,23150.23
DRG207,PID360211,RIDPAPittsburgh,14,51188.57,25350.64,22699.42
DRG207,PID360230,RIDOHCleveland,26,82032.80,28714.69,25882.96
DRG207,PID360234,RIDOHCincinnati,12,108082.50,32536.33,31648.33
DRG207,PID360239,RIDOHKettering,11,116014.45,31194.18,30476.81
DRG207,PID360276,RIDOHYoungstown,13,64411.46,22311.53,21005.38
DRG207,PID360354,RIDOHCincinnati,15,92443.80,29691.53,24649.00
DRG207,PID370001,RIDOKTulsa,37,147490.32,41110.62,36706.45
DRG207,PID370008,RIDOKOklahomaCity,19,114114.78,27806.57,27035.42
DRG207,PID370013,RIDOKOklahomaCity,28,116347.00,32523.85,31841.14
DRG207,PID370025,RIDOKTulsa,66,72159.77,29035.60,26757.77
DRG207,PID370028,RIDOKOklahomaCity,36,221054.19,47483.72,38769.44
DRG207,PID370032,RIDOKOklahomaCity,21,132166.66,30927.61,29816.76
DRG207,PID370037,RIDOKOklahomaCity,18,114429.72,39973.72,39474.16
DRG207,PID370047,RIDOKOklahomaCity,13,108333.38,33035.23,32082.38
DRG207,PID370056,RIDOKLawton,11,89871.18,29602.18,28893.45
DRG207,PID370078,RIDOKTulsa,11,101197.63,39062.81,35740.90
DRG207,PID370091,RIDOKTulsa,86,113160.33,34298.54,30970.09
DRG207,PID370093,RIDOKOklahomaCity,21,189683.52,48065.66,43045.52
DRG207,PID370094,RIDOKOklahomaCity,12,209409.41,25308.91,23422.16
DRG207,PID370106,RIDOKOklahomaCity,20,176139.05,31721.85,30921.70
DRG207,PID370114,RIDOKTulsa,46,77700.91,29544.39,27862.60
DRG207,PID370202,RIDOKTulsa,12,149625.91,35936.00,26934.91
DRG207,PID380007,RIDORPortland,11,128852.36,44910.00,44298.27
DRG207,PID380090,RIDOREugene,12,117243.58,48050.83,40821.75
DRG207,PID390001,RIDPAScranton,11,65004.09,26847.81,26136.18
DRG207,PID390004,RIDPAHarrisburg,18,128797.05,28956.33,25581.11
DRG207,PID390006,RIDPADanville,25,173825.16,43051.16,42434.64
DRG207,PID390009,RIDPAErie,19,147459.78,31196.94,30455.57
DRG207,PID390012,RIDPAPhiladelphia,12,141295.50,29463.33,28905.33
DRG207,PID390026,RIDPAPhiladelphia,14,225884.92,31847.21,29719.64
DRG207,PID390027,RIDPAPhiladelphia,28,613926.60,80549.67,67498.00
DRG207,PID390028,RIDPAPittsburgh,11,84115.36,37080.18,32914.81
DRG207,PID390045,RIDPADanville,14,89655.14,30396.85,29835.42
DRG207,PID390046,RIDPAYork,21,75054.28,40614.57,35441.04
DRG207,PID390049,RIDPAAllentown,34,204629.14,35522.20,31044.29
DRG207,PID390050,RIDPAPittsburgh,35,161256.74,40127.71,38549.08
DRG207,PID390057,RIDPAAllentown,15,162455.66,27914.60,27199.80
DRG207,PID390063,RIDPAErie,39,181107.51,38706.23,25956.87
DRG207,PID390067,RIDPAHarrisburg,23,81948.43,33755.91,29782.21
DRG207,PID390073,RIDPAAltoona,16,69061.81,29494.56,26142.87
DRG207,PID390079,RIDPASayre,15,78970.00,33198.20,32825.13
DRG207,PID390080,RIDPAPhiladelphia,13,297992.53,35500.53,34599.76
DRG207,PID390100,RIDPALancaster,23,108407.60,31464.39,30445.39
DRG207,PID390102,RIDPAPittsburgh,17,120759.70,33820.11,26708.00
DRG207,PID390107,RIDPAPittsburgh,18,100816.44,27377.38,21891.33
DRG207,PID390108,RIDPAPhiladelphia,12,219076.58,39724.41,28453.41
DRG207,PID390110,RIDPAJohnstown,28,62857.67,30644.71,29276.60
DRG207,PID390111,RIDPAPhiladelphia,30,309655.30,56549.20,51573.93
DRG207,PID390113,RIDPAErie,12,62449.91,30338.58,28999.66
DRG207,PID390115,RIDPAPhiladelphia,62,141690.38,32412.85,30215.00
DRG207,PID390116,RIDPAPhiladelphia,15,110152.46,31578.40,30075.46
DRG207,PID390132,RIDPAPhiladelphia,13,134777.92,45886.92,45541.07
DRG207,PID390133,RIDPAAllentown,36,204485.30,36424.69,34008.86
DRG207,PID390137,RIDPAWilkesBarre,20,111276.55,31654.25,26604.85
DRG207,PID390139,RIDPAPhiladelphia,19,315839.57,43571.68,37496.68
DRG207,PID390142,RIDPAPhiladelphia,22,150536.77,55357.13,54746.95
DRG207,PID390145,RIDPAPittsburgh,18,62012.88,33114.22,21747.33
DRG207,PID390156,RIDPAPhiladelphia,21,180553.66,41833.66,41167.47
DRG207,PID390164,RIDPAPittsburgh,71,300834.84,45347.84,41908.14
DRG207,PID390174,RIDPAPhiladelphia,33,207905.63,50256.03,44238.18
DRG207,PID390180,RIDPAPhiladelphia,38,581801.92,48210.71,46595.57
DRG207,PID390185,RIDPAAllentown,18,120204.38,30614.38,29816.11
DRG207,PID390195,RIDPAPhiladelphia,18,244481.44,41018.22,39916.16
DRG207,PID390201,RIDPAAllentown,12,124702.83,40745.75,31964.25
DRG207,PID390203,RIDPAPhiladelphia,15,188205.20,34740.40,30189.80
DRG207,PID390204,RIDPAPhiladelphia,17,108384.52,27951.94,26710.00
DRG207,PID390219,RIDPAPittsburgh,11,64305.81,26921.09,26111.63
DRG207,PID390222,RIDPAPhiladelphia,17,235573.29,30855.47,29936.41
DRG207,PID390228,RIDPAPittsburgh,18,68719.61,26716.38,26096.38
DRG207,PID390231,RIDPAPhiladelphia,26,274009.50,37965.53,35111.07
DRG207,PID390237,RIDPAScranton,13,91303.38,27655.46,26920.23
DRG207,PID390256,RIDPAHarrisburg,28,127207.07,53806.10,44618.32
DRG207,PID390258,RIDPAPhiladelphia,29,128314.86,29861.51,28523.93
DRG207,PID390263,RIDPAAllentown,13,186580.30,29500.23,27708.30
DRG207,PID390270,RIDPAWilkesBarre,16,142856.06,33767.87,32675.06
DRG207,PID390304,RIDPAPhiladelphia,14,97430.21,35171.92,33197.78
DRG207,PID410004,RIDRIProvidence,12,83201.41,42316.25,41844.66
DRG207,PID410005,RIDRIProvidence,13,92293.23,35053.92,34369.61
DRG207,PID410007,RIDRIProvidence,33,135692.78,47912.69,46070.21
DRG207,PID410009,RIDRIProvidence,20,131053.35,35642.55,34968.05
DRG207,PID410011,RIDRIProvidence,11,70307.09,29578.63,24016.45
DRG207,PID410012,RIDRIProvidence,12,155405.33,39662.58,38824.33
DRG207,PID420002,RIDNCCharlotte,15,86223.73,31401.66,30953.13
DRG207,PID420004,RIDSCCharleston,26,170856.84,76686.46,67584.69
DRG207,PID420007,RIDSCSpartanburg,32,100678.50,35260.12,27656.37
DRG207,PID420010,RIDSCColumbia,11,136822.90,30249.72,29532.18
DRG207,PID420018,RIDSCColumbia,24,164791.95,46889.00,38081.08
DRG207,PID420020,RIDSCCharleston,18,103534.83,40441.11,29814.66
DRG207,PID420023,RIDSCGreenville,17,126836.11,31913.41,25886.70
DRG207,PID420026,RIDSCColumbia,20,83612.90,28968.25,25454.10
DRG207,PID420027,RIDSCGreenville,13,154744.15,35062.00,27866.61
DRG207,PID420036,RIDNCCharlotte,24,215002.12,30939.20,30281.54
DRG207,PID420038,RIDSCGreenville,14,111907.42,34060.28,33258.57
DRG207,PID420049,RIDSCCharleston,16,110442.31,32870.56,32233.75
DRG207,PID420051,RIDSCFlorence,39,141275.12,34028.43,31950.76
DRG207,PID420065,RIDSCCharleston,14,140060.50,36326.28,35524.57
DRG207,PID420068,RIDSCColumbia,16,135662.50,35103.50,33986.62
DRG207,PID420070,RIDSCColumbia,14,82058.92,32915.00,32098.28
DRG207,PID420071,RIDSCColumbia,18,161941.88,48670.33,44131.55
DRG207,PID420073,RIDSCColumbia,26,136122.65,30878.80,27697.46
DRG207,PID420078,RIDSCGreenville,46,147427.54,44037.93,41048.15
DRG207,PID420079,RIDSCCharleston,29,179280.93,33721.13,29238.75
DRG207,PID420082,RIDGAAugusta,17,107864.70,32647.05,31740.41
DRG207,PID420085,RIDSCCharleston,16,149014.87,30024.93,25456.18
DRG207,PID420087,RIDSCCharleston,15,135796.80,33408.33,31297.40
DRG207,PID420091,RIDSCFlorence,18,210040.94,33093.55,32595.72
DRG207,PID420098,RIDSCCharleston,14,99275.00,27116.50,26312.57
DRG207,PID430016,RIDSDSiouxFalls,12,147323.91,38446.75,37611.00
DRG207,PID430027,RIDSDSiouxFalls,13,141747.38,37152.53,36543.00
DRG207,PID430077,RIDSDRapidCity,17,114890.23,59849.88,34726.05
DRG207,PID440002,RIDTNJackson,57,78445.80,32431.43,29532.68
DRG207,PID440003,RIDTNNashville,23,90969.52,30436.73,27174.21
DRG207,PID440006,RIDTNNashville,22,131357.50,39067.63,24964.68
DRG207,PID440011,RIDTNKnoxville,15,150114.06,35080.86,28201.53
DRG207,PID440012,RIDTNKingsport,19,60979.21,28197.47,24961.10
DRG207,PID440015,RIDTNKnoxville,19,113950.73,33671.89,33139.05
DRG207,PID440017,RIDTNKingsport,16,86948.56,28906.81,24660.93
DRG207,PID440035,RIDTNNashville,38,119258.73,30519.26,28601.84
DRG207,PID440039,RIDTNNashville,26,172854.42,45062.00,44241.80
DRG207,PID440048,RIDTNMemphis,35,117647.71,33578.14,29658.02
DRG207,PID440049,RIDTNMemphis,89,99631.15,36919.89,32689.03
DRG207,PID440053,RIDTNNashville,16,84742.18,30432.50,29662.25
DRG207,PID440059,RIDTNNashville,41,72718.97,32202.04,26155.82
DRG207,PID440063,RIDTNJohnsonCity,25,163578.32,34138.20,33584.80
DRG207,PID440065,RIDTNNashville,12,83312.00,31927.25,31408.50
DRG207,PID440073,RIDTNNashville,21,54273.42,31223.42,25484.42
DRG207,PID440082,RIDTNNashville,49,93884.87,27395.83,26442.97
DRG207,PID440091,RIDTNChattanooga,49,107572.12,28912.28,25627.89
DRG207,PID440104,RIDTNChattanooga,52,158659.23,40460.09,36108.44
DRG207,PID440120,RIDTNKnoxville,16,97160.25,30709.31,24635.25
DRG207,PID440125,RIDTNKnoxville,12,126683.58,32721.16,26840.66
DRG207,PID440133,RIDTNNashville,13,96732.46,31032.00,30427.38
DRG207,PID440150,RIDTNNashville,22,191770.95,34437.50,33464.27
DRG207,PID440156,RIDTNChattanooga,12,137789.33,34667.00,33219.50
DRG207,PID440161,RIDTNNashville,16,146435.56,35918.68,29763.06
DRG207,PID440173,RIDTNKnoxville,15,81409.86,29202.53,27280.26
DRG207,PID440183,RIDTNMemphis,18,193929.66,32785.22,30053.11
DRG207,PID440185,RIDTNChattanooga,19,147326.31,28215.26,25255.78
DRG207,PID440189,RIDTNJackson,15,104645.26,28993.73,28622.80
DRG207,PID440228,RIDTNMemphis,11,155248.36,34923.72,25835.90
DRG207,PID450010,RIDTXWichitaFalls,20,97209.60,31937.75,30716.70
DRG207,PID450011,RIDTXBryan,28,145382.00,31607.17,30924.46
DRG207,PID450021,RIDTXDallas,48,134366.89,45681.33,40375.58
DRG207,PID450023,RIDTXVictoria,12,100693.91,27679.16,27115.83
DRG207,PID450028,RIDTXHarlingen,14,177565.85,34749.14,32951.57
DRG207,PID450029,RIDTXSanAntonio,71,173743.39,36387.50,35192.92
DRG207,PID450034,RIDTXBeaumont,62,127338.00,27554.95,25312.35
DRG207,PID450037,RIDTXLongview,26,113381.34,25355.80,24759.61
DRG207,PID450040,RIDTXLubbock,45,239260.42,31676.73,28488.84
DRG207,PID450042,RIDTXWaco,13,83832.92,28259.92,27154.61
DRG207,PID450044,RIDTXDallas,21,198303.95,50034.09,48800.42
DRG207,PID450046,RIDTXCorpusChristi,44,135643.13,31972.54,31273.65
DRG207,PID450051,RIDTXDallas,27,136621.59,43331.25,42468.07
DRG207,PID450054,RIDTXTemple,27,74075.77,32192.07,31561.29
DRG207,PID450056,RIDTXAustin,25,202504.04,38878.20,32441.36
DRG207,PID450058,RIDTXSanAntonio,30,112446.46,31305.53,30522.16
DRG207,PID450064,RIDTXFortWorth,18,110313.16,30530.61,29969.94
DRG207,PID450068,RIDTXHouston,19,137561.73,49487.42,48719.63
DRG207,PID450079,RIDTXDallas,14,82184.78,29062.35,27692.35
DRG207,PID450083,RIDTXTyler,55,242186.78,29767.69,28758.80
DRG207,PID450097,RIDTXHouston,25,147493.68,31353.08,30331.92
DRG207,PID450101,RIDTXWaco,15,102697.86,31448.66,29943.60
DRG207,PID450102,RIDTXTyler,31,180312.45,26524.41,25514.29
DRG207,PID450107,RIDTXElPaso,23,173757.21,33942.34,32554.95
DRG207,PID450119,RIDTXMcAllen,28,215585.50,39996.71,39044.53
DRG207,PID450128,RIDTXHarlingen,17,88850.58,35961.47,34819.88
DRG207,PID450132,RIDTXOdessa,35,105854.71,36782.80,31894.02
DRG207,PID450135,RIDTXFortWorth,44,132757.40,34728.97,31704.11
DRG207,PID450137,RIDTXFortWorth,12,116670.25,44179.16,34159.83
DRG207,PID450176,RIDTXMcAllen,16,145070.93,40835.31,39177.56
DRG207,PID450184,RIDTXHouston,74,63988.74,29116.67,27114.20
DRG207,PID450193,RIDTXHouston,21,172027.19,35086.23,33648.80
DRG207,PID450196,RIDTXDallas,12,142979.08,34003.25,33450.50
DRG207,PID450200,RIDARTexarkana,17,112284.23,30395.76,29787.35
DRG207,PID450209,RIDTXAmarillo,16,116993.12,32414.00,32060.18
DRG207,PID450211,RIDTXHouston,20,140312.20,24445.75,23617.35
DRG207,PID450213,RIDTXSanAntonio,16,106743.18,52033.81,51190.81
DRG207,PID450222,RIDTXHouston,38,221236.63,32739.02,30363.86
DRG207,PID450229,RIDTXAbilene,34,111092.79,28694.88,27834.29
DRG207,PID450231,RIDTXAmarillo,11,146075.54,29670.09,28846.72
DRG207,PID450237,RIDTXSanAntonio,22,124739.86,43217.22,41202.13
DRG207,PID450280,RIDTXDallas,15,107040.80,35072.73,33869.53
DRG207,PID450346,RIDTXBeaumont,38,98530.00,24632.81,23930.36
DRG207,PID450352,RIDTXDallas,14,69140.00,28489.00,28248.71
DRG207,PID450358,RIDTXHouston,49,228879.57,39117.55,38240.89
DRG207,PID450388,RIDTXSanAntonio,72,161902.31,34286.45,32277.29
DRG207,PID450403,RIDTXDallas,15,239374.46,36539.06,29026.93
DRG207,PID450424,RIDTXHouston,17,143346.35,33090.47,32298.94
DRG207,PID450431,RIDTXAustin,19,158425.36,38308.78,36997.31
DRG207,PID450462,RIDTXDallas,17,132857.47,34600.29,33681.23
DRG207,PID450530,RIDTXHouston,15,208732.60,31433.20,30281.53
DRG207,PID450537,RIDTXDallas,11,124344.90,33880.00,33468.27
DRG207,PID450558,RIDTXAbilene,13,187086.15,29875.92,29440.53
DRG207,PID450617,RIDTXHouston,30,235662.80,30824.80,29800.76
DRG207,PID450634,RIDTXDallas,28,246784.60,34395.32,31416.35
DRG207,PID450638,RIDTXHouston,30,147402.80,30043.96,28161.53
DRG207,PID450639,RIDTXFortWorth,15,187131.93,39606.80,38856.46
DRG207,PID450644,RIDTXHouston,15,115909.13,33837.73,32951.00
DRG207,PID450647,RIDTXDallas,21,430219.23,52845.76,51423.23
DRG207,PID450651,RIDTXDallas,14,209897.57,45930.71,28293.78
DRG207,PID450662,RIDTXHarlingen,21,233344.47,39188.85,37364.71
DRG207,PID450668,RIDTXElPaso,16,214897.87,32857.56,26502.62
DRG207,PID450670,RIDTXHouston,22,117662.31,29585.45,28374.68
DRG207,PID450672,RIDTXFortWorth,11,175784.72,32302.45,31690.81
DRG207,PID450675,RIDTXFortWorth,24,273974.50,35233.25,33755.45
DRG207,PID450678,RIDTXDallas,12,198341.41,29559.83,28692.58
DRG207,PID450684,RIDTXHouston,19,77126.89,29262.89,28383.52
DRG207,PID450686,RIDTXLubbock,21,105497.66,39830.76,39152.61
DRG207,PID450688,RIDTXDallas,14,214646.92,32576.57,31768.00
DRG207,PID450713,RIDTXAustin,15,240515.46,34560.13,33885.20
DRG207,PID450723,RIDTXDallas,51,100272.49,34739.19,31760.62
DRG207,PID450743,RIDTXDallas,22,132688.09,36868.40,25483.59
DRG207,PID450788,RIDTXCorpusChristi,18,189403.61,33183.72,32483.33
DRG207,PID450801,RIDARTexarkana,31,118180.87,31863.96,23969.93
DRG207,PID450809,RIDTXAustin,20,180877.80,31953.15,30395.50
DRG207,PID450844,RIDTXHouston,16,134893.06,26469.18,25305.81
DRG207,PID450847,RIDTXHouston,13,52237.46,24004.84,22681.84
DRG207,PID450869,RIDTXMcAllen,16,113455.06,41198.00,40138.75
DRG207,PID460009,RIDUTSaltLakeCity,14,92069.57,47584.64,38387.92
DRG207,PID460010,RIDUTSaltLakeCity,12,108219.16,34692.58,34129.33
DRG207,PID470003,RIDVTBurlington,34,71657.91,47048.91,46517.11
DRG207,PID470005,RIDVTBurlington,15,93588.46,43461.26,42656.33
DRG207,PID490004,RIDVACharlottesville,20,90951.10,37027.45,36463.20
DRG207,PID490005,RIDVAWinchester,31,76971.38,34624.32,32801.48
DRG207,PID490007,RIDVANorfolk,19,120845.21,38556.00,37805.63
DRG207,PID490009,RIDVACharlottesville,18,148421.00,51887.00,50860.00
DRG207,PID490011,RIDVANorfolk,14,77896.00,30815.28,30092.14
DRG207,PID490013,RIDNCDurham,14,75069.14,41322.64,26988.00
DRG207,PID490021,RIDVALynchburg,22,84426.00,31948.95,31337.31
DRG207,PID490022,RIDVARichmond,20,151368.10,43896.55,43011.25
DRG207,PID490023,RIDVAArlington,11,91734.18,45082.81,24560.54
DRG207,PID490024,RIDVARoanoke,48,119176.52,40166.81,37273.97
DRG207,PID490032,RIDVARichmond,31,161742.09,57963.38,45884.80
DRG207,PID490040,RIDVAArlington,29,75820.65,31662.17,28879.44
DRG207,PID490043,RIDVAArlington,16,84399.43,38883.12,29434.06
DRG207,PID490046,RIDVANorfolk,27,100090.33,31299.92,25266.85
DRG207,PID490048,RIDVARoanoke,18,112166.05,27369.55,24885.38
DRG207,PID490050,RIDVAArlington,18,86416.38,34421.83,33225.00
DRG207,PID490052,RIDVANewportNews,17,84870.47,43506.70,33142.05
DRG207,PID490053,RIDTNKingsport,11,111615.63,27853.63,27136.18
DRG207,PID490057,RIDVANorfolk,24,117646.50,33698.70,27061.16
DRG207,PID490059,RIDVARichmond,17,119809.88,28619.70,27794.88
DRG207,PID490063,RIDVAArlington,35,83332.74,39761.57,35865.88
DRG207,PID490067,RIDVARichmond,27,214589.14,34460.96,33262.44
DRG207,PID490075,RIDNCDurham,22,100403.18,40566.86,30184.72
DRG207,PID490079,RIDNCDurham,13,96264.46,29004.00,28099.53
DRG207,PID490093,RIDVANewportNews,19,103228.84,30615.36,29690.10
DRG207,PID490112,RIDVARichmond,17,211004.52,29681.58,28952.94
DRG207,PID490113,RIDVAArlington,11,86370.09,42606.27,33203.36
DRG207,PID490115,RIDNCWinstonSalem,11,86672.81,29565.54,28748.09
DRG207,PID490118,RIDVARichmond,21,253185.90,34038.19,33289.66
DRG207,PID490119,RIDVANorfolk,12,109803.75,30067.33,29504.08
DRG207,PID490120,RIDVANorfolk,16,69438.00,28585.56,27903.75
DRG207,PID490142,RIDVACharlottesville,18,211922.00,50552.61,41836.88
DRG207,PID500008,RIDWASeattle,13,162314.46,75182.07,58741.38
DRG207,PID500011,RIDWASeattle,15,144232.46,37102.46,36352.00
DRG207,PID500014,RIDWAEverett,22,143974.36,41778.18,35408.86
DRG207,PID500015,RIDWASeattle,13,122190.23,36481.30,35794.53
DRG207,PID500016,RIDWASpokane,16,84257.06,35246.25,34474.00
DRG207,PID500021,RIDWATacoma,11,143880.18,36572.81,35649.45
DRG207,PID500024,RIDWAOlympia,21,162714.52,42749.00,28644.00
DRG207,PID500027,RIDWASeattle,19,195557.10,49775.63,41588.47
DRG207,PID500031,RIDWASeattle,14,92091.07,36508.64,35792.35
DRG207,PID500039,RIDWASeattle,22,197878.09,46890.54,46274.63
DRG207,PID500050,RIDORPortland,25,143195.48,41327.88,36087.16
DRG207,PID500054,RIDWASpokane,17,114546.76,37415.94,33348.41
DRG207,PID500079,RIDWATacoma,22,167634.36,36836.90,32896.59
DRG207,PID500124,RIDWASeattle,15,170095.26,57164.60,48261.26
DRG207,PID500129,RIDWATacoma,27,146976.33,38172.74,37539.40
DRG207,PID510001,RIDWVMorgantown,22,100554.22,42507.68,40020.86
DRG207,PID510007,RIDWVHuntington,68,80347.44,34125.02,33277.57
DRG207,PID510008,RIDVAWinchester,12,68260.25,36036.50,30874.16
DRG207,PID510022,RIDWVCharleston,34,90839.50,36103.85,30229.41
DRG207,PID510023,RIDPAPittsburgh,13,49749.92,24019.00,22704.38
DRG207,PID510029,RIDWVCharleston,21,70940.66,28679.85,27604.76
DRG207,PID510039,RIDPAPittsburgh,15,70067.53,25979.40,24776.20
DRG207,PID510046,RIDVARoanoke,22,43561.27,27636.68,25767.54
DRG207,PID510048,RIDWVCharleston,17,120838.35,34530.88,33146.41
DRG207,PID510050,RIDPAPittsburgh,13,56118.69,24108.61,21855.38
DRG207,PID510055,RIDWVHuntington,32,91650.18,40520.53,39288.40
DRG207,PID510058,RIDWVCharleston,16,76950.37,34085.00,24951.31
DRG207,PID510062,RIDWVCharleston,11,32573.09,27210.18,26012.90
DRG207,PID510070,RIDWVCharleston,11,87224.72,31708.27,29770.45
DRG207,PID510071,RIDVARoanoke,11,50002.45,29524.63,26323.45
DRG207,PID520021,RIDWIMilwaukee,12,104416.00,33576.33,32355.33
DRG207,PID520030,RIDWIWausau,13,88647.69,31941.69,29955.38
DRG207,PID520037,RIDWIMarshfield,11,119086.09,51779.09,44740.54
DRG207,PID520045,RIDWINeenah,11,53138.09,28580.90,27763.45
DRG207,PID520070,RIDMNMinneapolis,11,123201.63,35602.72,34602.36
DRG207,PID520083,RIDWIMadison,23,122918.21,39986.26,35005.86
DRG207,PID520089,RIDWIMadison,14,242784.28,61774.00,60664.35
DRG207,PID520098,RIDWIMadison,24,149099.87,61118.29,60465.62
DRG207,PID520138,RIDWIMilwaukee,55,135757.58,38199.80,35247.80
DRG207,PID670024,RIDTXHouston,25,215570.08,27759.28,26189.20
